ID,Type,Number,Datetime [UTC],GyroX [rad/s],GyroY [rad/s],GyroZ [rad/s],AccX [m/s^2],AccY [m/s^2],AccZ [m/s^2],MagX,MagY,MagZ,q0,q1,q2,q3
RET,ATT,1,1721060050903,-0.006688759662210941,0.010444412939250471,0.002588146133348346,-0.30925077199935913,0.024451803416013718,9.803049087524414,-0.1733720302581787,-0.042406320571899414,-0.07071590423583984,1,0,0,0
RET,ATT,2,1721060051899,-0.0056914989836514005,0.009726174175739288,0.003038905328139663,-0.3066699504852295,0.027543529868125916,9.794248580932617,-0.1737534999847412,-0.042841196060180664,-0.060837507247924805,1,0,0,0
RET,ATT,3,1721060052900,-0.005485863424837589,0.010321104899048805,0.003633090062066913,-0.30834838747978216,0.034122411161661155,9.787970542907717,-0.1728534698486328,-0.04283595085144043,-0.058840036392211914,1,0,0,0
RET,ATT,4,1721060053899,-0.005201622843742371,0.00943224970251322,0.0034512951970100403,-0.3088050186634064,0.0217488594353199,9.73226070404053,-0.17358922958374023,-0.04244065284729004,-0.07764005661010742,1,0,0,0
RET,ATT,5,1721060054899,-0.005818531382828952,0.010793842375278473,0.003148801624774933,-0.28925994038581854,0.01823415607213974,9.76671028137207,-0.17444396018981934,-0.04147815704345703,-0.08112454414367676,1,0,0,0
RET,ATT,6,1721060055899,-0.00595971941947937,0.009703823365271093,0.0034848228096961975,-0.3103917539119721,0.015467686578631401,9.777684211730959,-0.1720905303955078,-0.04050469398498535,-0.07909870147705078,1,0,0,0
RET,ATT,7,1721060056899,-0.005646422505378723,0.004602782428264618,0.0019745903555303816,-0.3484927713871003,0.03227917104959488,9.77577304840088,-0.17645764350891113,-0.039998769760131836,-0.08019042015075684,1,0,0,0
RET,ATT,8,1721060057899,-0.0051971529610455045,0.010322220623493195,0.0034889208618551497,-0.2926426231861115,0.02821917273104191,9.784932136535646,-0.17987895011901855,-0.039980411529541016,-0.08026909828186035,1,0,0,0
RET,ATT,9,1721060058898,-0.0058919196017086515,0.008877178654074669,0.0030780211091041565,-0.31003570556640625,0.013554551638662817,9.76450824737549,-0.17383337020874023,-0.034679412841796875,-0.08658432960510254,1,0,0,0
RET,ATT,10,1721060059900,-0.006136298179626465,0.009493344463407995,0.0034732744097709656,-0.28941342234611517,0.03402847796678543,9.776817321777344,-0.1757369041442871,-0.03418898582458496,-0.08811330795288086,1,0,0,0
RET,ATT,11,1721060060898,-0.0057160849682986745,0.00911448057740927,0.0036103646270930767,-0.2955867946147919,0.023741159588098526,9.768716812133789,-0.17565250396728516,-0.0361483097076416,-0.0895833969116211,1,0,0,0
RET,ATT,12,1721060061898,-0.007019564975053073,0.01165587455034256,0.0033328311983495955,-0.33121380209922796,0.025146376341581345,9.848706245422365,-0.1758718490600586,-0.038553476333618164,-0.08315038681030273,1,0,0,0
RET,ATT,13,1721060062900,-0.005615131463855506,0.010864252224564552,0.0037429858930408955,-0.29164642095565796,0.008754271082580091,9.776942253112795,-0.1741466522216797,-0.03908348083496094,-0.08953285217285156,1,0,0,0
RET,ATT,14,1721060063898,-0.005409866105765105,0.009247846901416779,0.003205426270142198,-0.2860218286514282,0.03316286951303482,9.775977134704592,-0.1745460033416748,-0.034223318099975586,-0.09352231025695801,1,0,0,0
RET,ATT,15,1721060064899,-0.006291270721703769,0.009537302888929846,0.003162585198879242,-0.28994810581207275,0.026282038539648056,9.771828651428224,-0.17642951011657715,-0.03665733337402344,-0.09454083442687988,1,0,0,0
RET,ATT,16,1721060065899,-0.00634118914604187,0.010214186273515226,0.0033838674426078796,-0.3093442916870117,0.028930610045790676,9.77584743499756,-0.1733543872833252,-0.03717970848083496,-0.09792709350585938,1,0,0,0
RET,ATT,17,1721060066900,-0.004981087055057288,0.010581128299236298,0.003093667794018984,-0.307561606168747,0.02098662964999676,9.766982078552248,-0.17345571517944336,-0.03430795669555664,-0.10881805419921875,1,0,0,0
RET,ATT,18,1721060067899,-0.0051196664571762085,0.010402687825262548,0.0032657762058079243,-0.3002409338951111,0.025486189872026443,9.752678871154787,-0.1786487102508545,-0.03388094902038574,-0.12623810768127441,1,0,0,0
RET,ATT,19,1721060068899,-0.006144866347312927,0.010017119348049164,0.0033872204367071394,-0.2996331453323364,0.023936908692121506,9.77295780181885,-0.17519474029541016,-0.033416748046875,-0.1271498203277588,1,0,0,0
RET,ATT,20,1721060069899,-0.00510662840679288,0.009688548743724823,0.0032315037678927187,-0.29162001609802246,0.041674382984638214,9.778497695922852,-0.17441153526306152,-0.031934499740600586,-0.12269139289855957,1,0,0,0
RET,ATT,21,1721060070898,-0.0052988529205322266,0.010256656445562841,0.003289990825578571,-0.30395969748497015,0.03248333558440209,9.772247314453125,-0.17684245109558105,-0.032897233963012695,-0.1227419376373291,1,0,0,0
RET,ATT,22,1721060071899,-0.00565238343551755,0.010107643902301788,0.003946759272366763,-0.3007442355155945,0.025500886142253876,9.769918441772461,-0.17444300651550293,-0.0353391170501709,-0.1206965446472168,1,0,0,0
RET,ATT,23,1721060072899,-0.006284565664827824,0.01022387482225895,0.0031491748522967104,-0.29610112309455877,0.016948739066720012,9.772140502929688,-0.17163681983947754,-0.03283882141113281,-0.1058187484741211,1,0,0,0
RET,ATT,24,1721060073899,-0.005449727643281222,0.009780563414096832,0.002401136094704271,-0.3037875592708588,0.024449601769447327,9.762425422668459,-0.17269468307495117,-0.03373265266418457,-0.09101128578186035,1,0,0,0
RET,ATT,25,1721060074899,-0.005395710468292236,0.010344945825636389,0.003544055158272386,-0.2969592213630676,0.03138339892029763,9.776503562927248,-0.17084884643554688,-0.03567624092102051,-0.08749866485595703,1,0,0,0
RET,ATT,26,1721060075899,-0.0052943830378353604,0.010621361434459686,0.0035041945520788436,-0.3066721856594086,0.051003012806177146,9.784799575805664,-0.17195558547973633,-0.03614020347595215,-0.08406209945678711,1,0,0,0
RET,ATT,27,1721060076898,-0.005649030674248935,0.010236912406980993,0.002822466194629669,-0.30432265996932983,0.028435749933123592,9.782272338867188,-0.16894173622131348,-0.03464221954345703,-0.07411623001098633,1,0,0,0
RET,ATT,28,1721060077899,-0.005694106221199036,0.010493212379515173,0.0035161152482032776,-0.2984341681003571,0.017138689756393433,9.772956848144531,-0.17038202285766602,-0.03804659843444824,-0.07363629341125488,1,0,0,0
RET,ATT,29,1721060078899,-0.006080046761780978,0.010315513238310814,0.0031827017664909363,-0.30622574687004095,0.022440306842327118,9.781110763549805,-0.17226624488830566,-0.0346369743347168,-0.07666373252868652,1,0,0,0
RET,ATT,30,1721060079899,-0.005585700273513794,0.010055863298475744,0.0029919669032096863,-0.3013532459735871,0.05167060717940331,9.776833534240724,-0.17066359519958496,-0.03758525848388672,-0.07908201217651367,1,0,0,0
RET,ATT,31,1721060080897,-0.005444138776510955,0.009757095016539099,0.0033138319849967957,-0.30039927363395696,0.045284345746040344,9.767577171325685,-0.17145347595214844,-0.038579702377319336,-0.08354306221008301,1,0,0,0
RET,ATT,32,1721060081899,-0.0047709797509014615,0.010360963642597198,0.003327615791931749,-0.2968294024467468,0.027635298669338226,9.772181510925295,-0.17036676406860352,-0.03519082069396973,-0.08749032020568848,1,0,0,0
RET,ATT,33,1721060082898,-0.004427507519721985,0.009586476720869543,0.0022368507925421004,-0.38108235597610474,-0.00750467972829938,9.760796546936037,-0.17173528671264648,-0.03811812400817871,-0.0889883041381836,1,0,0,0
RET,ATT,34,1721060083898,-0.003429130185395479,0.012332390062510969,0.003298558760434389,-0.29452511668205267,0.043282732367515564,9.73190212249756,-0.1697547435760498,-0.03715825080871582,-0.08993649482727051,1,0,0,0
RET,ATT,35,1721060084899,-0.005388261284679175,0.010343455709517004,0.0032065436244010925,-0.29462227225303655,0.04950876533985138,9.777756690979006,-0.167161226272583,-0.0396268367767334,-0.09282898902893066,1,0,0,0
RET,ATT,36,1721060085898,-0.005729123018682003,0.010833703912794592,0.003240443766117096,-0.300559401512146,0.03250043839216232,9.775619506835938,-0.168776273727417,-0.040085554122924805,-0.08890962600708008,1,0,0,0
RET,ATT,37,1721060086899,-0.0061318278312683105,0.010039472021162512,0.0031767415348440413,-0.2956169545650483,0.024432793259620667,9.762377738952638,-0.16875100135803223,-0.03765392303466797,-0.09040498733520508,1,0,0,0
RET,ATT,38,1721060087898,-0.0055193910375237465,0.010014512576162817,0.003722869325429201,-0.3064926862716675,0.04514098539948464,9.774376869201662,-0.16767621040344238,-0.03767251968383789,-0.09285140037536621,1,0,0,0
RET,ATT,39,1721060088899,-0.004911422263830901,0.010040960274636747,0.003196112811565399,-0.2986822724342346,0.024903038516640667,9.776939392089844,-0.1676177978515625,-0.03914141654968262,-0.09383058547973633,1,0,0,0
RET,ATT,40,1721060089898,-0.0055089592933654785,0.010034256614744665,0.0032050535082817078,-0.2972034215927124,0.012387426570057869,9.77333164215088,-0.16920113563537598,-0.03765678405761719,-0.09140372276306152,1,0,0,0
RET,ATT,41,1721060090898,-0.0055361539125442505,0.010312908329069616,0.004276074934750796,-0.374739557504654,0.024413704872131348,9.770004272460938,-0.16806769371032715,-0.039144039154052734,-0.09482932090759277,1,0,0,0
RET,ATT,42,1721060091898,-0.004078820813447238,0.017739273607730865,0.003952347207814456,-0.26185414195060736,0.008768759667873383,9.875102043151857,-0.17037582397460938,-0.03914952278137207,-0.0983421802520752,1,0,0,0
RET,ATT,43,1721060092898,-0.0055953869596123695,0.010327810421586037,0.003696792526170612,-0.3172914385795593,0.01010899618268013,9.795620918273928,-0.17063474655151367,-0.03862738609313965,-0.09192585945129395,1,0,0,0
RET,ATT,44,1721060093899,-0.0055342912673950195,0.009918772615492346,0.003405474592000246,-0.2940749824047089,0.026970315724611282,9.780211448669435,-0.17015910148620605,-0.03765416145324707,-0.09192013740539551,1,0,0,0
RET,ATT,45,1721060094898,-0.0045489524491131314,0.009307824075222015,0.0031368806958198547,-0.2941635847091675,0.029486158862710003,9.773283004760742,-0.1704084873199463,-0.03817105293273926,-0.0978538990020752,1,0,0,0
RET,ATT,46,1721060095897,-0.005192682147026062,0.009719469584524633,0.003168918192386627,-0.3058750629425049,0.03061543963849545,9.780330657958984,-0.17036986351013184,-0.03671526908874512,-0.09934377670288086,1,0,0,0
RET,ATT,47,1721060096899,-0.005221367347985507,0.010138937272131445,0.003112293779850006,-0.2983169257640839,0.01950190030038357,9.780699729919435,-0.16905879974365234,-0.038162946701049805,-0.09485721588134766,1,0,0,0
RET,ATT,48,1721060097898,-0.0049423431046307096,0.009988062083721161,0.0035738574806600813,-0.2993622720241547,0.04011804610490799,9.780724525451662,-0.16828107833862305,-0.039114952087402344,-0.08939790725708008,1,0,0,0
RET,ATT,49,1721060098898,-0.005511939991265536,0.010377727448940277,0.003163703251630068,-0.2940355837345124,0.032986268401145935,9.773494720458984,-0.16708660125732422,-0.03908586502075195,-0.08245158195495605,1,0,0,0
RET,ATT,50,1721060099898,-0.005114450585097075,0.010225735604763031,0.0032199549023061995,-0.30377343297004705,0.005845618899911643,9.778557777404787,-0.16725516319274902,-0.03808879852294922,-0.0785067081451416,1,0,0,0
RET,ATT,51,1721060100898,-0.005354732275009155,0.010096095502376556,0.003742613131180406,-0.2912152409553528,0.013636564835906029,9.79427242279053,-0.16974163055419922,-0.03667283058166504,-0.09043312072753906,1,0,0,0
RET,ATT,52,1721060101898,-0.005287304986268283,0.010544992983341217,0.003158860141411424,-0.3078167140483857,0.010161526501178741,9.785929679870607,-0.1685633659362793,-0.03865361213684082,-0.09484338760375977,1,0,0,0
RET,ATT,53,1721060102897,-0.00495798932388425,0.010854937136173248,0.002916716504842043,-0.30173975229263306,0.03348774835467339,9.757272720336914,-0.16920065879821777,-0.03911781311035156,-0.09090161323547363,1,0,0,0
RET,ATT,54,1721060103899,-0.00586919579654932,0.010431000031530859,0.003085844684392214,-0.31190627813339233,0.023038515821099285,9.788916587829592,-0.16730403900146484,-0.0376591682434082,-0.08987760543823242,1,0,0,0
RET,ATT,55,1721060104898,-0.005056336522102356,0.010100193321704865,0.003973208833485843,-0.3027651906013489,0.008106828667223455,9.774059295654297,-0.16988372802734375,-0.0376276969909668,-0.08647727966308594,1,0,0,0
RET,ATT,56,1721060105898,-0.0051643699407577515,0.010771491564810278,0.003812648355960846,-0.2921248376369477,0.019652983173727993,9.768926620483398,-0.1692790985107422,-0.03618502616882324,-0.08993101119995117,1,0,0,0
RET,ATT,57,1721060106898,-0.0061333184130489835,0.010560266673564911,0.0035969545133411884,-0.3107075989246369,0.005175628699362278,9.771171569824219,-0.16776061058044434,-0.037174224853515625,-0.09087920188903809,1,0,0,0
RET,ATT,58,1721060107897,-0.005951151717454196,0.009747033938765526,0.0031476842705160384,-0.30080524086952215,0.01987805962562561,9.775389671325685,-0.17096877098083496,-0.037184953689575195,-0.0963895320892334,1,0,0,0
RET,ATT,59,1721060108898,-0.005894899833947421,0.010273047722876074,0.0031655654311180115,-0.3033125400543213,0.023501539602875713,9.777938842773438,-0.1697678565979004,-0.036182403564453125,-0.08994221687316895,1,0,0,0
RET,ATT,60,1721060109898,-0.005389377474784851,0.009690039791166784,0.003104470670223236,-0.29148259758949285,0.028104716911911968,9.768613815307617,-0.16822361946105957,-0.03620100021362305,-0.09188365936279297,1,0,0,0
RET,ATT,61,1721060110898,-0.0045951451174914846,0.01028459332883358,0.0030005350708961487,-0.3161467611789704,0.020087977871298793,9.778432846069336,-0.16915011405944824,-0.03425478935241699,-0.09389233589172363,1,0,0,0
RET,ATT,62,1721060111898,-0.005537271965295077,0.009968318045139313,0.0032020735088735823,-0.30301958322525024,0.030302112922072414,9.771199226379396,-0.16980385780334473,-0.03526759147644043,-0.10180974006652832,1,0,0,0
RET,ATT,63,1721060112897,-0.004859269130975009,0.010322966612875463,0.003662891685962677,-0.2995375990867615,0.031132467091083527,9.77325439453125,-0.16907811164855957,-0.03816032409667969,-0.09436345100402832,1,0,0,0
RET,ATT,64,1721060113898,-0.005537271965295077,0.009593181312084198,0.0032668935600668196,-0.2931115329265595,0.034355532377958305,9.763386726379396,-0.1686995029449463,-0.037174224853515625,-0.0918891429901123,1,0,0,0
RET,ATT,65,1721060114897,-0.006119534838944674,0.011513940989971161,0.002771802246570587,-0.29868340492248535,0.036084476858377464,9.780571937561037,-0.16911721229553223,-0.03669404983520508,-0.09387826919555664,1,0,0,0
RET,ATT,66,1721060115899,-0.007066504098474979,0.01104716304689646,0.003261677920818329,-0.3020428419113159,0.042888369411230094,9.799152374267578,-0.16855740547180176,-0.03621935844421387,-0.09584522247314453,1,0,0,0
RET,ATT,67,1721060116898,-0.005907193291932345,0.009543263353407385,0.0036088754422962666,-0.3150887787342072,0.03358805552124978,9.76370143890381,-0.17050576210021973,-0.036696672439575195,-0.09588742256164551,1,0,0,0
RET,ATT,68,1721060117897,-0.005819276440888644,0.0096173956990242,0.002549775177612901,-0.3018653094768525,0.024681480601429943,9.773865699768068,-0.17157721519470215,-0.038690805435180664,-0.10529136657714844,1,0,0,0
RET,ATT,69,1721060118899,-0.005574151873588562,0.01022350136190653,0.0030996280256658797,-0.294491320848465,0.027138911187648773,9.770710945129396,-0.17190194129943848,-0.036826372146606445,-0.12260723114013672,1,0,0,0
RET,ATT,70,1721060119898,-0.006198883056640625,0.009529479779303076,0.003279559314250946,-0.3049265742301941,0.031268395483493805,9.779664993286133,-0.17207646369934082,-0.03680253028869629,-0.1181633472442627,1,0,0,0
RET,ATT,71,1721060120898,-0.006242468953132629,0.009896419942378998,0.003489293390884996,-0.315793126821518,0.0334879793226719,9.786444664001467,-0.16958379745483398,-0.03578448295593262,-0.1072382926940918,1,0,0,0
RET,ATT,72,1721060121897,-0.005086884368211032,0.009860284626483917,0.0033272432629019026,-0.297824114561081,0.019682860001921657,9.775008201599123,-0.16934704780578613,-0.037213802337646484,-0.10030579566955566,1,0,0,0
RET,ATT,73,1721060122897,-0.00492781400680542,0.010078213177621366,0.0035269188228994612,-0.2957997024059296,0.0285983644425869,9.765656471252443,-0.17079806327819824,-0.03435015678405762,-0.11419343948364258,1,0,0,0
RET,ATT,74,1721060123898,-0.005104393232613803,0.008091330528259277,0.0035881998483091597,-0.31132370233535767,0.030113456770777706,9.770417213439943,-0.17107605934143066,-0.03528594970703125,-0.106781005859375,1,0,0,0
RET,ATT,75,1721060124897,-0.005965680349618197,0.009534322656691076,0.0033350661396980286,-0.30309319496154785,0.013116941787302496,9.795000076293945,-0.16972851753234863,-0.037648677825927734,-0.09042739868164062,1,0,0,0
RET,ATT,76,1721060125899,-0.005304440855979919,0.009786152280867101,0.0035645440220832825,-0.29916268587112427,0.027906138449907303,9.766144752502443,-0.16923975944519043,-0.03765130043029785,-0.09041619300842285,1,0,0,0
RET,ATT,77,1721060126897,-0.005045533645898105,0.010632909834384918,0.0033451244235038757,-0.3158079087734223,0.03439914435148239,9.751950263977053,-0.16706109046936035,-0.03811526298522949,-0.08344459533691406,1,0,0,0
RET,ATT,78,1721060127898,-0.005698204040527344,0.009962731041014196,0.003199465572834015,-0.3011119663715363,0.02641788125038147,9.772886276245117,-0.16734910011291504,-0.03862714767456055,-0.08839082717895508,1,0,0,0
RET,ATT,79,1721060128898,-0.006624683737754822,0.009689666330814362,0.0026421623770147566,-0.29886296391487127,0.02264157310128212,9.779861450195312,-0.16770243644714355,-0.03718209266662598,-0.0923604965209961,1,0,0,0
RET,ATT,80,1721060129897,-0.0058025126345455655,0.009407659992575645,0.0031528992112725977,-0.2909742891788483,0.032014913856983185,9.791980743408203,-0.1699976921081543,-0.03670215606689453,-0.09636998176574707,1,0,0,0
RET,ATT,81,1721060130897,-0.005483627784997226,0.00919383019208908,0.003546290099620819,-0.28801214694976807,0.03118442185223103,9.764401435852053,-0.16969609260559082,-0.03862738609313965,-0.09091567993164062,1,0,0,0
RET,ATT,82,1721060131897,-0.006316975224763156,0.008738227188587189,0.00285115116275847,-0.30549237132072454,0.023346643894910812,9.76984977722168,-0.17113637924194336,-0.03910994529724121,-0.09144043922424316,1,0,0,0
RET,ATT,83,1721060132898,-0.005901605356484652,0.009165518917143347,0.002975575625896454,-0.28342747688293457,0.03379917517304421,9.781778335571289,-0.17082619667053223,-0.03769111633300781,-0.09984302520751953,1,0,0,0
RET,ATT,84,1721060133897,-0.006164238322526217,0.010056234896183014,0.0033894556108862166,-0.3078913688659668,0.03788303583860397,9.768898963928224,-0.168748140335083,-0.03820538520812988,-0.10275769233703613,1,0,0,0
RET,ATT,85,1721060134897,-0.005275756586343051,0.00950302928686142,0.0026771798729896545,-0.30623999238014227,0.020509768277406693,9.761919975280763,-0.16739821434020996,-0.03819727897644043,-0.0997614860534668,1,0,0,0
RET,ATT,86,1721060135897,-0.005738437175750732,0.009383820928633215,0.0030519445426762104,-0.30427879095077515,0.019667264074087143,9.757062911987305,-0.16642355918884277,-0.03765130043029785,-0.0873861312866211,1,0,0,0
RET,ATT,87,1721060136897,-0.005068256985396148,0.010396352969110014,0.0034386292099952698,-0.30624449253082275,0.037721604108810425,9.77624034881592,-0.16702818870544434,-0.04055476188659668,-0.08343052864074707,1,0,0,0
RET,ATT,88,1721060137898,-0.0050764535553753385,0.012034362182021141,0.0030094760004431014,-0.2997033894062043,0.045850049704313285,9.762802124023438,-0.16583728790283203,-0.03912806510925293,-0.08934164047241211,1,0,0,0
RET,ATT,89,1721060138898,-0.006154552567750216,0.010097585618495941,0.0033052638173103333,-0.2969946265220642,0.022409770637750626,9.772618293762209,-0.1677863597869873,-0.03814435005187988,-0.08988595008850098,1,0,0,0
RET,ATT,90,1721060139896,-0.005417317152023315,0.010276773013174536,0.003633461892604828,-0.30851465463638306,0.02526131644845009,9.762847900390625,-0.16909098625183105,-0.03864574432373047,-0.09386706352233887,1,0,0,0
RET,ATT,91,1721060140898,-0.005296617746353149,0.010993145406246185,0.003635324770584703,-0.3014208674430847,0.026089034974575043,9.77031993865967,-0.16895532608032227,-0.037203311920166016,-0.09782576560974121,1,0,0,0
RET,ATT,92,1721060141897,-0.004670769441872836,0.010630674660205841,0.0030485915485769515,-0.2966513931751252,0.026202645152807236,9.754693984985352,-0.16957974433898926,-0.03864312171936035,-0.09387826919555664,1,0,0,0
RET,ATT,93,1721060142897,-0.005241110920906067,0.00937748793512583,0.0031089412514120345,-0.3028516173362732,0.04352866485714913,9.743933677673342,-0.17046689987182617,-0.038163185119628906,-0.09637260437011719,1,0,0,0
RET,ATT,94,1721060143896,-0.005587190389633179,0.011382811702787878,0.0031055882573127747,-0.29819589853286743,0.02364943362772465,9.796932220458984,-0.17046046257019043,-0.03719019889831543,-0.09687209129333496,1,0,0,0
RET,ATT,95,1721060144897,-0.005896762013435364,0.010216422379016876,0.0037180262152105574,-0.29862862825393677,0.023693185299634933,9.784843444824219,-0.1665043830871582,-0.03916525840759277,-0.09726476669311523,1,0,0,0
RET,ATT,96,1721060145897,-0.005444512702524662,0.010795335285365583,0.003275089431554079,-0.2974029481410981,0.01583308167755604,9.774159431457521,-0.1689293384552002,-0.03769373893737793,-0.09831666946411133,1,0,0,0
RET,ATT,97,1721060146896,-0.005554780829697848,0.009518302977085114,0.003113784361630678,-0.30343592166900635,0.022491304203867916,9.78260898590088,-0.16835641860961914,-0.03819465637207031,-0.10027766227722168,1,0,0,0
RET,ATT,98,1721060147898,-0.005991384387016296,0.009592062793672087,0.003385357093065977,-0.2977619767189026,0.021668905392289165,9.774216651916506,-0.1688065528869629,-0.036736488342285156,-0.10177874565124512,1,0,0,0
RET,ATT,99,1721060148896,-0.005925445817410946,0.009815581142902374,0.0029085206333547835,-0.30407774448394775,0.02460090070962906,9.770997047424318,-0.16816926002502441,-0.036272287368774414,-0.10572052001953125,1,0,0,0
RET,ATT,100,1721060149897,-0.006039440166205169,0.009506382048130035,0.00307541317306459,-0.3060685992240906,0.032499384135007865,9.778883934020998,-0.1682143211364746,-0.03724026679992676,-0.1042335033416748,1,0,0,0
RET,ATT,101,1721060150898,-0.005920231807976962,0.009383074939250946,0.002868659794330597,-0.30889326333999634,0.03294594213366509,9.773150444030763,-0.16736578941345215,-0.03771471977233887,-0.10075187683105469,1,0,0,0
RET,ATT,102,1721060151897,-0.005771965254098178,0.010327063500881195,0.003443099791184068,-0.30729869008064276,0.03445811569690704,9.775150299072266,-0.16863512992858887,-0.0362088680267334,-0.09386992454528809,1,0,0,0
RET,ATT,103,1721060152897,-0.005920231807976962,0.009846129454672338,0.0033972784876823425,-0.30208984017372137,0.032959233969450004,9.773720741271974,-0.16777992248535156,-0.037171363830566406,-0.09038543701171875,1,0,0,0
RET,ATT,104,1721060153897,-0.005805119406431914,0.009487753733992577,0.0034010040108114485,-0.3110139667987824,0.02848828211426735,9.778000831604006,-0.1690976619720459,-0.03815770149230957,-0.09386968612670898,1,0,0,0
RET,ATT,105,1721060154898,-0.005649960599839687,0.00973492953926325,0.004042685497552157,-0.3002611696720124,0.020959366112947464,9.77261257171631,-0.17010140419006348,-0.03473997116088867,-0.0944058895111084,1,0,0,0
RET,ATT,106,1721060155897,-0.0063475226052105435,0.010012276470661163,0.003380514914169908,-0.30347830057144165,0.019303219392895702,9.782315254211428,-0.16943097114562988,-0.03817629814147949,-0.09783124923706055,1,0,0,0
RET,ATT,107,1721060156897,-0.005793944466859103,0.010199659503996374,0.0032903626561164856,-0.29813235998153687,0.001946635195054114,9.778350830078125,-0.16846060752868652,-0.03477168083190918,-0.0988161563873291,1,0,0,0
RET,ATT,108,1721060157897,-0.0060811638832092285,0.01045037154108286,0.0028325244784355164,-0.3139524161815644,0.005511563736945392,9.782150268554688,-0.1710658073425293,-0.03717160224914551,-0.09392046928405762,1,0,0,0
RET,ATT,109,1721060158896,-0.005511194933205844,0.0101456418633461,0.0025259326212108135,-0.29457452893257147,0.0036647706292569637,9.776902198791506,-0.16961884498596191,-0.03717684745788574,-0.09339284896850586,1,0,0,0
RET,ATT,110,1721060159897,-0.0053606932051479825,0.00805538147687912,0.003327988320961595,-0.2998114228248596,0.0420590341091156,9.710856437683107,-0.16918206214904785,-0.03619837760925293,-0.09239983558654785,1,0,0,0
RET,ATT,111,1721060160897,-0.0061701987870037564,0.006471761036664248,0.003234483301639557,-0.30569708347320557,0.05814911052584649,9.74263095855713,-0.16777992248535156,-0.037171363830566406,-0.09038543701171875,1,0,0,0
RET,ATT,112,1721060161896,-0.005802883766591549,0.009751879610121252,0.003137625753879547,-0.3144797086715698,0.01628655195236206,9.7808837890625,-0.1697998046875,-0.03812599182128906,-0.08844947814941406,1,0,0,0
RET,ATT,113,1721060162897,-0.006529689300805331,0.009812973439693451,0.003767944872379303,-0.3046855032444001,0.014840926043689253,9.769834518432617,-0.1711750030517578,-0.039104461669921875,-0.09045290946960449,1,0,0,0
RET,ATT,114,1721060163897,-0.005837902892380954,0.009039603173732758,0.003699772292748094,-0.28766965866088867,0.04757664725184441,9.775568008422852,-0.16777992248535156,-0.037171363830566406,-0.09038543701171875,1,0,0,0
RET,ATT,115,1721060164897,-0.005425140727311374,0.01034382823854685,0.002674572169780731,-0.31264591217041016,0.03735139593482018,9.76461696624756,-0.16878938674926758,-0.03910970687866211,-0.08891534805297852,1,0,0,0
RET,ATT,116,1721060165896,-0.00558607280254364,0.010263361968100073,0.003121234942227602,-0.3094249069690705,0.019801756367087368,9.756254196166992,-0.16875100135803223,-0.03765392303466797,-0.09040498733520508,1,0,0,0
RET,ATT,117,1721060166897,-0.005648656748235226,0.01074392441660166,0.0031152742449194197,-0.30747595429420477,0.03660332411527634,9.769659042358398,-0.16837215423583984,-0.036667585372924805,-0.08793067932128906,1,0,0,0
RET,ATT,118,1721060167896,-0.00582598289474845,0.01033824123442173,0.0029919676017016177,-0.3109299838542939,0.03131633996963501,9.77535152435303,-0.1683332920074463,-0.038133859634399414,-0.08841586112976074,1,0,0,0
RET,ATT,119,1721060168895,-0.00519566284492612,0.010797568596899511,0.003863684833049774,-0.30249193310737615,0.034307312220335014,9.767911911010742,-0.16823649406433105,-0.03668618202209473,-0.09138703346252441,1,0,0,0
RET,ATT,120,1721060169897,-0.005180761218070984,0.010538288392126562,0.0034360219724476337,-0.3029508292675019,0.01926887407898903,9.774940490722656,-0.16823625564575195,-0.0381472110748291,-0.09088468551635742,1,0,0,0
RET,ATT,121,1721060170896,-0.005466118920594455,0.009776465594768524,0.0032054255716502666,-0.29580169916152954,0.01977627165615559,9.779080390930178,-0.16925287246704102,-0.03813648223876953,-0.0899195671081543,1,0,0,0
RET,ATT,122,1721060171896,-0.005580857861787082,0.010648181661963463,0.0030977653805166487,-0.2902675271034241,0.0010781191522255542,9.785978317260742,-0.16985797882080078,-0.03811812400817871,-0.08696818351745605,1,0,0,0
RET,ATT,123,1721060172897,-0.006029754877090454,0.010331161320209503,0.0033946710173040633,-0.2959641516208649,0.016359524801373485,9.787166595458984,-0.16789603233337402,-0.03861665725708008,-0.08692073822021484,1,0,0,0
RET,ATT,124,1721060173896,-0.005756691098213196,0.01090522948652506,0.0038320193998515606,-0.29000914096832275,0.04369919002056122,9.769304275512695,-0.16832661628723145,-0.03862190246582031,-0.08841323852539062,1,0,0,0
RET,ATT,125,1721060174897,-0.005472823977470398,0.009351783432066442,0.0035176060628145937,-0.3061009645462036,0.031304530799388885,9.777381896972656,-0.16933059692382812,-0.03666496276855469,-0.08844685554504395,1,0,0,0
RET,ATT,126,1721060175896,-0.006012246012687683,0.009715371765196325,0.0027591362595558167,-0.30408692359924316,0.008259950205683708,9.776635169982912,-0.16794824600219727,-0.03617453575134277,-0.0864410400390625,1,0,0,0
RET,ATT,127,1721060176896,-0.005885959137231112,0.009940006770193579,0.003539585042744875,-0.29879757761955267,0.028307445347309113,9.77927017211914,-0.17032742500305176,-0.03811812400817871,-0.08747339248657227,1,0,0,0
RET,ATT,128,1721060177895,-0.005974248051643372,0.009834953583776953,0.002964399755001068,-0.3121565580368042,0.021163089200854305,9.774690628051758,-0.16731691360473633,-0.03814435005187988,-0.08938097953796387,1,0,0,0
RET,ATT,129,1721060178897,-0.005718320608139038,0.009698980487883093,0.0038249420467764144,-0.303040087223053,0.038398724049329765,9.767313957214357,-0.168365478515625,-0.03861665725708008,-0.08742570877075195,1,0,0,0
RET,ATT,130,1721060179897,-0.005931407678872348,0.009178929030895233,0.0034237287472933535,-0.301283746957779,0.03546268492937088,9.755197525024414,-0.16826844215393066,-0.038629770278930664,-0.08989453315734863,1,0,0,0
RET,ATT,131,1721060180895,-0.00599324842914939,0.010144527070224287,0.003393926192075014,-0.306459903717041,0.033451896160840995,9.790630340576172,-0.16834592819213867,-0.038619279861450195,-0.08791947364807129,1,0,0,0
RET,ATT,132,1721060181897,-0.004847347736358643,0.009999238885939123,0.003664754331111908,-0.30000576376914984,0.015446411445736885,9.758807182312013,-0.16977357864379883,-0.03861665725708008,-0.08894062042236328,1,0,0,0
RET,ATT,133,1721060182896,-0.0047806641086936,0.00888649467378855,0.0034986066166311507,-0.2771618962287903,0.040301468223333366,9.744884490966797,-0.16786408424377441,-0.03667283058166504,-0.08841323852539062,1,0,0,0
RET,ATT,134,1721060183897,-0.004452467430382968,0.011897647753357887,0.0038908796850591902,-0.3706185221672058,0.08907569944858551,9.771665573120117,-0.16978025436401367,-0.03812861442565918,-0.0889432430267334,1,0,0,0
RET,ATT,135,1721060184896,-0.005612151231616736,0.008732267655432226,0.0021180137991905212,-0.24650824069976807,0.04069647192955017,9.785794258117678,-0.16826200485229492,-0.037656545639038086,-0.0903937816619873,1,0,0,0
RET,ATT,136,1721060185895,-0.006113946437835693,0.01003574673086405,0.003176741302013397,-0.33405634760856634,0.04955225810408593,9.777206420898438,-0.1706843376159668,-0.03527545928955078,-0.10430097579956055,1,0,0,0
RET,ATT,137,1721060186896,-0.006172433961182834,0.010833702981472015,0.0027054916135966778,-0.3511688709259033,0.05398630350828171,9.771831512451172,-0.1710951328277588,-0.03674435615539551,-0.10578513145446777,1,0,0,0
RET,ATT,138,1721060187896,-0.005899370182305575,0.008931940421462059,0.0036021692212671046,-0.28679966926574707,0.06568455696105957,9.769329071044922,-0.17136693000793457,-0.036707401275634766,-0.09887242317199707,1,0,0,0
RET,ATT,139,1721060188897,-0.006284936331212521,0.009231828153133392,0.0034065919462591414,-0.3415959775447846,0.06238642334938049,9.79147243499756,-0.16612553596496582,-0.039639949798583984,-0.09428763389587402,1,0,0,0
RET,ATT,140,1721060189896,-0.005940349306911231,0.01262221671640873,0.0029956928920000796,-0.2850655019283295,0.050445400178432465,9.7425012588501,-0.16867351531982422,-0.03766465187072754,-0.09238004684448242,1,0,0,0
RET,ATT,141,1721060190895,-0.006656348239630462,0.010411625728011131,0.0029267738573253155,-0.3251196444034577,0.02048129215836525,9.79655647277832,-0.16812658309936523,-0.03621411323547363,-0.09435248374938965,1,0,0,0
RET,ATT,142,1721060191896,-0.005406886339187622,0.010622852481901647,0.0032162293791770935,-0.3332557678222656,0.04282650351524353,9.778222084045412,-0.16854381561279297,-0.03865623474121094,-0.0953371524810791,1,0,0,0
RET,ATT,143,1721060192896,-0.005118176341056824,0.009135715663433075,0.003984012175351382,-0.3225224912166596,0.057401061058044434,9.765365600585938,-0.1681976318359375,-0.03669142723083496,-0.09237456321716309,1,0,0,0
RET,ATT,144,1721060193896,-0.0050321221351623535,0.009985082782804968,0.004181079566478729,-0.3389484584331513,-0.029058635234832764,9.78437614440918,-0.17096781730651855,-0.040106773376464844,-0.09538483619689941,1,0,0,0
RET,ATT,145,1721060194896,-0.004797428846359253,0.012455881573259832,0.0039827083237469205,-0.34079599380493164,0.06421510875225067,9.786089897155763,-0.16929173469543457,-0.03667020797729492,-0.08943438529968262,1,0,0,0
RET,ATT,146,1721060195895,-0.007073954213410617,0.008409656584262848,0.0030545520130544905,-0.17738635838031772,0.028582144528627396,9.82625961303711,-0.16798710823059082,-0.03616929054260254,-0.08545351028442383,1,0,0,0
RET,ATT,147,1721060196896,-0.005968288052827121,0.008697249926626684,0.0033574178814888,-0.3450334668159485,0.10476163774728776,9.772610664367678,-0.1709132194519043,-0.03664135932922363,-0.08551812171936035,1,0,0,0
RET,ATT,148,1721060197896,-0.00631771981716156,0.0091603035107255,0.002738647162914276,-0.26842713356018066,-0.016740454360842708,9.794269561767578,-0.1699357032775879,-0.03810763359069824,-0.08499312400817871,1,0,0,0
RET,ATT,149,1721060198896,-0.005663185380399227,0.00959355477243662,0.002984143560752273,-0.2765318751335144,0.011303807608783247,9.779528617858888,-0.16942739486694336,-0.03811287879943848,-0.08547568321228027,1,0,0,0
RET,ATT,150,1721060199896,-0.0066649168729782104,0.007014164235442878,0.0037671998143196106,-0.37305748462677,0.0607910081744194,9.77627182006836,-0.17013931274414062,-0.04057884216308594,-0.09140944480895996,1,0,0,0
RET,ATT,151,1721060200896,-0.005067140329629184,0.008854829706251623,0.003003515303134918,-0.24706026911735535,-0.016132567077875137,9.744275093078615,-0.16629672050476074,-0.03955268859863281,-0.07748818397521973,1,0,0,0
RET,ATT,152,1721060201896,-0.005475059617310763,0.009436346590518951,0.002778135007247329,-0.2639447748661042,0.020339982584118847,9.770220756530763,-0.16688013076782227,-0.03716611862182617,-0.08838796615600586,1,0,0,0
RET,ATT,153,1721060202895,-0.0056982054375112065,0.01073051430284977,0.0028343875892460346,-0.3115828037261963,0.03675796091556549,9.782068252563477,-0.1684558391571045,-0.03909134864807129,-0.08495402336120605,1,0,0,0
RET,ATT,154,1721060203896,-0.005993247032165527,0.010104662738740446,0.003813765477389097,-0.3230483233928681,0.032167255878448486,9.775607109069826,-0.16881513595581055,-0.04008030891418457,-0.0879220962524414,1,0,0,0
RET,ATT,155,1721060204896,-0.005825608503073455,0.007204898167401553,0.0026402994990348816,-0.34300798177719116,0.012646437622606756,9.699190139770508,-0.1672971248626709,-0.03960824012756348,-0.08937263488769531,1,0,0,0
RET,ATT,156,1721060205895,-0.006226449739187957,0.008737107738852501,0.003218837315216661,-0.2823184132575989,0.012811667285859587,9.772038459777834,-0.17022323608398438,-0.04008030891418457,-0.08943724632263184,1,0,0,0
RET,ATT,157,1721060206896,-0.0058919196017086515,0.01029428094625473,0.0030877068638801575,-0.27845656871795654,-0.03661708161234856,9.789269447326662,-0.16880202293395996,-0.041056156158447266,-0.08791637420654297,1,0,0,0
RET,ATT,158,1721060207896,-0.0051211570389568814,0.007965974509716034,0.002893619472160936,-0.2691029608249665,-0.006927500944584609,9.723874092102053,-0.16932368278503418,-0.03861403465270996,-0.08794188499450684,1,0,0,0
RET,ATT,159,1721060208895,-0.007554143667221069,0.006742216646671295,0.0026350838597863917,-0.34427675604820257,0.06359013170003892,9.93124771118164,-0.17084145545959473,-0.039086103439331055,-0.08649158477783203,1,0,0,0
RET,ATT,160,1721060209895,-0.004967675078660251,0.010752493515610695,0.0033551834058016543,-0.2859143614768982,0.031030137091875076,9.792387008666992,-0.16947221755981445,-0.040541648864746094,-0.08348655700683594,1,0,0,0
RET,ATT,161,1721060210896,-0.005823001731187106,0.011429376900196075,0.0031964858062565327,-0.29822799563407904,0.02935564331710339,9.779182434082031,-0.17071175575256348,-0.04153871536254883,-0.08894634246826172,1,0,0,0
RET,ATT,162,1721060211895,-0.006144866812974215,0.010705552995204926,0.003705732757225633,-0.3015346825122834,0.04748810455203057,9.766787528991701,-0.16732239723205566,-0.04203963279724121,-0.08787727355957031,1,0,0,0
RET,ATT,163,1721060212894,-0.005538389552384616,0.00974815431982279,0.0027922913432121277,-0.3113426864147187,0.033942870795726776,9.770716667175295,-0.17069268226623535,-0.04008030891418457,-0.08994221687316895,1,0,0,0
RET,ATT,164,1721060213896,-0.005080177914351226,0.010165011510252953,0.0032303852494806056,-0.3126154243946076,0.02292743138968945,9.750747680664062,-0.16902542114257812,-0.04206347465515137,-0.09434103965759277,1,0,0,0
RET,ATT,165,1721060214896,-0.004649162758141757,0.012772714719176292,0.0038022175431251526,-0.3237761557102204,0.015412106178700926,9.787035942077638,-0.16912245750427246,-0.04205036163330078,-0.0918722152709961,1,0,0,0
RET,ATT,166,1721060215895,-0.005417689681053162,0.01006890181452036,0.0038413330912590027,-0.3288725912570954,0.036212146282196045,9.76156997680664,-0.16663336753845215,-0.041095733642578125,-0.09330296516418457,1,0,0,0
RET,ATT,167,1721060216896,-0.006318091414868832,0.009810736402869225,0.002743862802162767,-0.3212556838989258,0.03706121817231179,9.777057647705078,-0.17012619972229004,-0.04009366035461426,-0.09190607070922852,1,0,0,0
RET,ATT,168,1721060217895,-0.006533788051456214,0.008194707334041595,0.0037433581892400984,-0.32563334703445435,0.04212749376893044,9.781318664550781,-0.16901922225952148,-0.04109048843383789,-0.09484028816223145,1,0,0,0
RET,ATT,169,1721060218896,-0.0063057998195290565,0.01031253766268492,0.0036256394814699893,-0.3196528255939484,0.036964185535907745,9.771799087524414,-0.16879558563232422,-0.04154396057128906,-0.08791375160217285,1,0,0,0
RET,ATT,170,1721060219896,-0.005933456122875214,0.00949241127818823,0.0029597426764667034,-0.30133464932441717,0.030387384817004207,9.777942657470703,-0.16840410232543945,-0.038611412048339844,-0.08643817901611328,1,0,0,0
RET,ATT,171,1721060220896,-0.004906952846795321,0.009770878590643408,0.0032356008887290955,-0.3074749708175659,0.04334643855690957,9.758920669555664,-0.169219970703125,-0.039114952087402344,-0.0904078483581543,1,0,0,0
RET,ATT,172,1721060221895,-0.005134567618370056,0.010639988817274572,0.0034304335713386536,-0.2956885397434235,0.018730955198407177,9.770422935485842,-0.16772818565368652,-0.038152456283569336,-0.09136724472045898,1,0,0,0
RET,ATT,173,1721060222895,-0.005280971061438323,0.0112900510430336,0.002476014196872711,-0.311511904001236,0.016025979071855545,9.771849632263185,-0.16821694374084473,-0.03814983367919922,-0.09137845039367676,1,0,0,0
RET,ATT,174,1721060223895,-0.004697591532021762,0.009555928409099579,0.0033007941674441104,-0.3034862279891968,0.01699136197566986,9.770068168640138,-0.16781258583068848,-0.03473186492919922,-0.09039950370788574,1,0,0,0
RET,ATT,175,1721060224894,-0.006200001109391452,0.010348298586905004,0.0030586495995521545,-0.3118316233158112,0.035898897796869285,9.783035278320312,-0.16823577880859375,-0.03960824012756348,-0.09038257598876953,1,0,0,0
RET,ATT,176,1721060225896,-0.0054210429079830655,0.010343827307224274,0.003944524098187686,-0.29869788885116577,0.03561482951045037,9.763181686401367,-0.1677408218383789,-0.03863787651062012,-0.09087085723876953,1,0,0,0
RET,ATT,177,1721060226896,-0.005074217915534973,0.010442920960485937,0.0034304338041692977,-0.28544840216636663,0.02981019765138626,9.787018775939943,-0.1672525405883789,-0.03717947006225586,-0.09136176109313965,1,0,0,0
RET,ATT,178,1721060227895,-0.005754828453063965,0.010433607734739782,0.0029793009161949158,-0.2822751998901367,0.027907229959964752,9.772379875183107,-0.16906476020812988,-0.03913617134094238,-0.09435796737670898,1,0,0,0
RET,ATT,179,1721060228896,-0.005400553811341525,0.009538047946989538,0.003226660192012787,-0.26327645778656006,0.009815696626901627,9.780996322631836,-0.16765689849853516,-0.03767514228820801,-0.09334516525268555,1,0,0,0
RET,ATT,180,1721060229895,-0.005161389708518982,0.010021218098700048,0.003288500476628542,-0.2832867801189423,0.01636883243918419,9.738090515136719,-0.17018795013427734,-0.0416102409362793,-0.10227823257446289,1,0,0,0
RET,ATT,181,1721060230895,-0.005836412776261569,0.010617636144161224,0.003573112189769745,-0.35517752170562744,0.01987496577203274,9.769332885742188,-0.17014598846435547,-0.038630008697509766,-0.09191465377807617,1,0,0,0
RET,ATT,182,1721060231896,-0.005443394184112549,0.008562021888792517,0.0035965819843113422,-0.29430738091468817,0.040828425437212,9.734530448913576,-0.16857600212097168,-0.0391387939453125,-0.09434676170349121,1,0,0,0
RET,ATT,183,1721060232896,-0.005873293150216342,0.009714254178106787,0.0029725953936576843,-0.3042464256286621,0.02738983929157257,9.769119262695312,-0.16772150993347168,-0.038640499114990234,-0.09136462211608887,1,0,0,0
RET,ATT,184,1721060233895,-0.0058900569565594205,0.010863130912184715,0.0029711055103689436,-0.26046320796012884,0.04069455713033676,9.80400276184082,-0.16761136054992676,-0.039629459381103516,-0.09382772445678711,1,0,0,0
RET,ATT,185,1721060234894,-0.0059250732883811,0.009560772217810156,0.0029889864381402735,-0.3208500444889069,0.018629038706421856,9.775310516357422,-0.16654348373413086,-0.037698984146118164,-0.09677934646606445,1,0,0,0
RET,ATT,186,1721060235895,-0.006006658542901278,0.010416841134428978,0.003483332926407457,-0.30953660607337957,-0.036484207957983024,9.80799961090088,-0.1675727367401123,-0.03817343711853027,-0.09531736373901367,1,0,0,0
RET,ATT,187,1721060236895,-0.004867092240601779,0.010718592442572119,0.0032303854823112488,-0.2951850593090058,0.1092132404446602,9.755215644836428,-0.16705799102783203,-0.038666725158691406,-0.09579753875732422,1,0,0,0
RET,ATT,188,1721060237895,-0.005454570055007935,0.009575300849974157,0.002884678542613983,-0.2921881079673767,0.06437768042087555,9.794258117675781,-0.16757893562316895,-0.03914666175842285,-0.094818115234375,1,0,0,0
RET,ATT,189,1721060238895,-0.005977973807603122,0.008980371057987213,0.0037984922528266907,-0.30502575635910034,0.0022363229654729366,9.746191024780273,-0.16793179512023926,-0.039162635803222656,-0.09828591346740723,1,0,0,0
RET,ATT,190,1721060239894,-0.006366522051393986,0.007247366476804019,0.002724863588809967,-0.3064170479774475,0.07521641254425049,9.753549575805664,-0.168928861618042,-0.039154767990112305,-0.09781455993652344,1,0,0,0
RET,ATT,191,1721060240895,-0.0024307514540851116,0.009288450703024864,0.0024614853318780665,-0.20285020768642428,0.00032437304616905754,9.664993286132812,-0.1692333221435547,-0.03813910484313965,-0.09041333198547363,1,0,0,0
RET,ATT,192,1721060241895,-0.006920844782143832,0.015092084184288979,0.00358838657848537,-0.30953785777091986,0.04609645530581475,9.917669296264648,-0.16767621040344238,-0.03767251968383789,-0.09285140037536621,1,0,0,0
RET,ATT,193,1721060242895,-0.0062368810176849365,0.009962729178369047,0.0025922430213540797,-0.2551322281360627,0.015657955780625347,9.761184692382812,-0.16826844215393066,-0.038629770278930664,-0.08989453315734863,1,0,0,0
RET,ATT,194,1721060243895,-0.006055460777133704,0.009414739906787872,0.003196858568117023,-0.2900453209877014,0.039444360882043845,9.733586311340334,-0.16871237754821777,-0.037659406661987305,-0.09139251708984375,1,0,0,0
RET,ATT,195,1721060244896,-0.005935505498200656,0.008848496712744238,0.0029532238841056824,-0.3045077919960022,0.010348855517804624,9.766551971435547,-0.16969609260559082,-0.03862738609313965,-0.09091567993164062,1,0,0,0
RET,ATT,196,1721060245894,-0.005972386803478003,0.010448137298226357,0.00301618198864162,-0.3231575787067414,0.008999996818602087,9.748860359191896,-0.16706466674804688,-0.03817868232727051,-0.09580016136169434,1,0,0,0
RET,ATT,197,1721060246894,-0.00609457539394498,0.010865366086363792,0.0036017969250679016,-0.2790268659591675,0.017602747306227687,9.822190284729006,-0.16956686973571777,-0.03815770149230957,-0.0943746566772461,1,0,0,0
RET,ATT,198,1721060247895,-0.0048954044468700894,0.009998120367527008,0.003444217843934894,-0.31412640213966375,-0.00825703050941229,9.754143714904787,-0.16963791847229004,-0.03863525390625,-0.09239697456359863,1,0,0,0
RET,ATT,199,1721060248895,-0.004909931682050228,0.01001264713704586,0.003298558527603746,-0.28913030028343206,-0.02582528442144394,9.755497932434084,-0.16835665702819824,-0.03673362731933594,-0.10078001022338867,1,0,0,0
RET,ATT,200,1721060249895,-0.00581592321395874,0.010417588986456396,0.0030821189284324646,-0.2736120820045471,0.03556087613105774,9.765497207641602,-0.16790008544921875,-0.03721904754638672,-0.09977841377258301,1,0,0,0
RET,ATT,201,1721060250895,-0.006455928552895785,0.009072385728359222,0.0027237460017204285,-0.2967205047607422,0.062254197895526886,9.770936965942383,-0.16647934913635254,-0.03527259826660156,-0.09926223754882812,1,0,0,0
RET,ATT,202,1721060251894,-0.004561617039144039,0.010490977205336096,0.0030683353543281555,-0.3142521679401398,0.054656308144330985,9.774923324584961,-0.16878080368041992,-0.0357661247253418,-0.10277175903320312,1,0,0,0
RET,ATT,203,1721060252895,-0.005459412932395935,0.010801665484905243,0.003565661842003465,-0.2975061535835266,0.006456207484006882,9.782819747924805,-0.16778993606567383,-0.036746978759765625,-0.10274386405944824,1,0,0,0
RET,ATT,204,1721060253895,-0.006042792927473784,0.010012276470661163,0.0029651450458914046,-0.3108509480953217,-0.046255454421043396,9.75740146636963,-0.16584134101867676,-0.03773069381713867,-0.10219931602478027,1,0,0,0
RET,ATT,205,1721060254895,-0.005296990741044284,0.009907221421599388,0.0035239383578300476,-0.3106978833675385,-0.022601790726184845,9.765527725219727,-0.16973280906677246,-0.0347902774810791,-0.10378766059875488,1,0,0,0
RET,ATT,206,1721060255894,-0.005370006430894137,0.009168125689029694,0.0028757380787283186,-0.3160523772239685,0.07716158777475358,9.762775421142578,-0.1683826446533203,-0.03624320030212402,-0.10028910636901855,1,0,0,0
RET,ATT,207,1721060256894,-0.005458667874336243,0.008532218635082245,0.0033853577915579085,-0.31960770487785345,0.024846915155649185,9.739134788513185,-0.17226672172546387,-0.038173675537109375,-0.10036754608154297,1,0,0,0
RET,ATT,208,1721060257895,-0.005806981585919857,0.010971539653837683,0.0032508745789527893,-0.3125998377799988,0.04313911125063897,9.767471313476562,-0.16940546035766602,-0.03720593452453613,-0.09882450103759766,1,0,0,0
RET,ATT,209,1721060258894,-0.0054292380809783936,0.010500662960112097,0.003374926978722215,-0.29684236645698553,0.033454328775405884,9.767776489257812,-0.1689748764038086,-0.0372006893157959,-0.09733200073242188,1,0,0,0
RET,ATT,210,1721060259896,-0.005993247032165527,0.009991043247282507,0.0029670074582099915,-0.29633513092994695,0.02039172127842903,9.777148246765138,-0.16803598403930664,-0.0372006893157959,-0.09632205963134766,1,0,0,0
RET,ATT,211,1721060260895,-0.004661083687096835,0.011013635434210302,0.0028463080525398254,-0.2841549515724182,0.020486185327172283,9.76245975494385,-0.17042803764343262,-0.03816843032836914,-0.09736013412475586,1,0,0,0
RET,ATT,212,1721060261894,-0.004687533248215915,0.009845755994319916,0.0034010040108114485,-0.2721963822841645,0.006532026454806328,9.747508049011232,-0.16875767707824707,-0.03716611862182617,-0.0904078483581543,1,0,0,0
RET,ATT,213,1721060262894,-0.005682557821273804,0.011041575111448767,0.003502704435959459,-0.2996382713317871,0.015131113119423391,9.773484230041506,-0.1678311824798584,-0.03911232948303223,-0.08839917182922363,1,0,0,0
RET,ATT,214,1721060263894,-0.005683675408363342,0.010568463243544103,0.0029044225811958313,-0.30121946334838867,0.0038223606534302235,9.77171516418457,-0.16644906997680664,-0.03862190246582031,-0.08639311790466309,1,0,0,0
RET,ATT,215,1721060264894,-0.0056061893701553345,0.010072998702526093,0.0030333178583532576,-0.28446772694587713,0.017694773152470592,9.755279541015625,-0.16680216789245605,-0.038637638092041016,-0.08986091613769531,1,0,0,0
RET,ATT,216,1721060265894,-0.0052303080447018155,0.012140534818172455,0.0028030949179083113,-0.2912478148937226,0.014898108318448067,9.786780357360842,-0.1690201759338379,-0.036707401275634766,-0.09634733200073242,1,0,0,0
RET,ATT,217,1721060266895,-0.006265565287321807,0.012165866792201996,0.0032806769013404846,-0.3899227678775788,0.054179970175027854,9.822438240051271,-0.16755294799804688,-0.03963732719421387,-0.09530901908874512,1,0,0,0
RET,ATT,218,1721060267894,-0.006531552877277137,0.009260512888431549,0.0031108038965612654,-0.30507048964500433,0.020230239257216457,9.811785697937013,-0.1690521240234375,-0.0386509895324707,-0.09485459327697754,1,0,0,0
RET,ATT,219,1721060268894,-0.006210058927536011,0.010898523032665253,0.0030873345676809554,-0.2901346385478974,0.049320660531520844,9.777285575866701,-0.16913604736328125,-0.03961372375488281,-0.09238004684448242,1,0,0,0
RET,ATT,220,1721060269896,-0.0053051863797009,0.011172331869602203,0.0030172991100698714,-0.31243631243705755,0.022170359268784526,9.775688171386719,-0.16853713989257812,-0.039144039154052734,-0.09533429145812988,1,0,0,0
RET,ATT,221,1721060270894,-0.006017834413796664,0.012561492621898651,0.0038316473364830017,-0.2647002339363098,0.0581185445189476,9.80794429779053,-0.17091035842895508,-0.03719282150268555,-0.0978708267211914,1,0,0,0
RET,ATT,222,1721060271895,-0.006837769411504269,0.009055993519723417,0.003431551158428192,-0.30651599168777466,0.003661834169179201,9.798583030700685,-0.1684856414794922,-0.03866434097290039,-0.09681868553161621,1,0,0,0
RET,ATT,223,1721060272894,-0.004691817797720432,0.010882319882512093,0.003976748790591956,-0.3130230605602265,0.055482219904661186,9.745542526245117,-0.1669933795928955,-0.03770160675048828,-0.0977780818939209,1,0,0,0
RET,ATT,224,1721060273894,-0.005548447370529175,0.009910204447805883,0.003150664269924164,-0.35035228729248047,0.004011017736047507,9.766305923461914,-0.16844725608825684,-0.03720855712890625,-0.09830832481384277,1,0,0,0
RET,ATT,225,1721060274894,-0.005752593744546176,0.011199526488780975,0.0030891969799995422,-0.2962039411067963,0.0073976293206214905,9.78277587890625,-0.17038869857788086,-0.03963494300842285,-0.09784555435180664,1,0,0,0
RET,ATT,226,1721060275895,-0.005594641435891391,0.011620111763477325,0.003090314799919725,-0.3060351014137268,0.06293575465679169,9.771380424499513,-0.17091679573059082,-0.03816580772399902,-0.09737133979797363,1,0,0,0
RET,ATT,227,1721060276895,-0.00588372489437461,0.01051109377294779,0.0036085029132664204,-0.28365468978881836,0.0391310453414917,9.78744888305664,-0.16806840896606445,-0.036221981048583984,-0.09583401679992676,1,0,0,0
RET,ATT,228,1721060277894,-0.006388500332832336,0.010030158795416357,0.0032374635338783264,-0.283835232257843,0.010112730786204338,9.787543296813967,-0.1676630973815918,-0.038648366928100586,-0.09284591674804688,1,0,0,0
RET,ATT,229,1721060278894,-0.005078688729554416,0.01046452671289444,0.0027956441044807434,-0.3618541955947876,0.05196664854884148,9.75724506378174,-0.16974115371704102,-0.03959512710571289,-0.08942866325378418,1,0,0,0
RET,ATT,230,1721060279894,-0.004990399349480868,0.010196305811405182,0.003115646773949266,-0.2979589998722077,0.026992810890078548,9.78359127044678,-0.16741442680358887,-0.03520917892456055,-0.08791661262512207,1,0,0,0
RET,ATT,231,1721060280893,-0.005434081424027682,0.010435470379889013,0.0038443137891590595,-0.30414724349975586,-0.01892003044486046,9.785458564758303,-0.16833972930908203,-0.03764605522155762,-0.08841872215270996,1,0,0,0
RET,ATT,232,1721060281895,-0.0059492900036275395,0.010550955310463905,0.0032892457675188784,-0.29307329654693604,0.04298800230026245,9.76071548461914,-0.169722318649292,-0.03667569160461426,-0.0909268856048584,1,0,0,0
RET,ATT,233,1721060282894,-0.006866828072816134,0.009503774344921112,0.003320164978504181,-0.30034196376800537,0.002944041276350618,9.786112785339357,-0.17093610763549805,-0.038163185119628906,-0.0968775749206543,1,0,0,0
RET,ATT,234,1721060283894,-0.005287304986268283,0.009539909660816193,0.003487058682367206,-0.3043045401573181,0.003513091243803501,9.737588882446289,-0.16879987716674805,-0.03868532180786133,-0.10127377510070801,1,0,0,0
RET,ATT,235,1721060284894,-0.005311518907546997,0.010557286441326141,0.003211386734619737,-0.2906799912452698,0.033333484083414085,9.777851104736328,-0.16973876953125,-0.037224531173706055,-0.10278606414794922,1,0,0,0
RET,ATT,236,1721060285894,-0.006122887134552002,0.009360724128782751,0.003060885239392519,-0.27581119537353516,0.05356588959693909,9.788145065307617,-0.16783547401428223,-0.036253929138183594,-0.10175919532775879,1,0,0,0
RET,ATT,237,1721060286894,-0.005669145844876766,0.009916537441313268,0.003555603558197618,-0.3060231506824494,0.02326985634863377,9.755654335021974,-0.16876816749572754,-0.035280704498291016,-0.10326838493347168,1,0,0,0
RET,ATT,238,1721060287894,-0.0057172030210494995,0.010346063412725927,0.0032840296626091003,-0.31192755699157715,0.03650065883994103,9.791736602783203,-0.16591930389404297,-0.03625893592834473,-0.10072660446166992,1,0,0,0
RET,ATT,239,1721060288893,-0.005039200186729431,0.010923109948635101,0.002907775575295091,-0.3044662177562714,0.02791799791157246,9.772489547729492,-0.16885161399841309,-0.0377042293548584,-0.10029172897338867,1,0,0,0
RET,ATT,240,1721060289894,-0.00540986703708768,0.00995788723230362,0.003992207814007998,-0.29040032625198364,0.014241249300539495,9.767975807189943,-0.16510295867919922,-0.03867697715759277,-0.09575247764587402,1,0,0,0
RET,ATT,241,1721060290894,-0.00676475465297699,0.00849906448274851,0.002395920688286424,-0.2623207867145539,0.019045192748308182,9.762605667114258,-0.16725873947143555,-0.038152456283569336,-0.09086227416992188,1,0,0,0
RET,ATT,242,1721060291895,-0.0059470534324646,0.011045672930777075,0.00309627503156662,-0.29117980599403387,0.021160064265131954,9.765945434570312,-0.1676626205444336,-0.041570425033569336,-0.09184145927429199,1,0,0,0
RET,ATT,243,1721060292894,-0.007064268458634616,0.010530463419854643,0.0028626988641917706,-0.3129424154758454,0.07560361921787262,9.814396858215334,-0.16814517974853516,-0.039133548736572266,-0.09285426139831543,1,0,0,0
RET,ATT,244,1721060293893,-0.00500902533531189,0.00957790855318308,0.003449060022830963,-0.3323547542095185,0.06145366281270981,9.722585678100586,-0.16664695739746094,-0.038658857345581055,-0.09381103515625,1,0,0,0
RET,ATT,245,1721060294894,-0.006229804363101722,0.008481554687023163,0.0029338523745536804,-0.30601844191551214,0.03622015565633774,9.737051010131836,-0.16997098922729492,-0.040114641189575195,-0.0958564281463623,1,0,0,0
RET,ATT,246,1721060295894,-0.0044479970820248136,0.01094285398721695,0.0033563005272299056,-0.3021697998046875,0.03180743008852005,9.68798828125,-0.1691882610321045,-0.03717160224914551,-0.09190034866333008,1,0,0,0
RET,ATT,247,1721060296894,-0.004811584949493408,0.009119696915149689,0.0030135738197714095,-0.2987143397331238,0.04054791480302811,9.748749732971193,-0.16691803932189941,-0.04008293151855469,-0.0863959789276123,1,0,0,0
RET,ATT,248,1721060297894,-0.0058364137075841436,0.011461043730378151,0.0035272918175905947,-0.3078323006629944,0.011042922735214233,9.816629409790039,-0.16533184051513672,-0.040042877197265625,-0.07696914672851562,1,0,0,0
RET,ATT,249,1721060298894,-0.0045046210289001465,0.013455563224852087,0.003047846490517259,-0.301582932472229,0.02213583141565323,9.760173797607422,-0.16780805587768555,-0.03905153274536133,-0.0765373706817627,1,0,0,0
RET,ATT,250,1721060299893,-0.006511434447020293,0.00885743647813797,0.0033581631723791365,-0.3036091029644013,0.052623618394136436,9.78810214996338,-0.16539645195007324,-0.04100823402404785,-0.07498836517333984,1,0,0,0
RET,ATT,251,1721060300893,-0.005872548557817936,0.01056809164583683,0.003097765846177936,-0.29594203829765325,0.03557435795664788,9.758758544921875,-0.16687297821044922,-0.039114952087402344,-0.08788299560546875,1,0,0,0
RET,ATT,252,1721060301894,-0.005784258246421814,0.009900146164000036,0.0028030946850776672,-0.3005463480949402,0.01596530713140965,9.77670669555664,-0.1662294864654541,-0.037677764892578125,-0.09232378005981445,1,0,0,0
RET,ATT,253,1721060302893,-0.005825981497764587,0.008003973402082922,0.0034706669393926863,-0.3079875707626343,0.03143841028213501,9.750158309936523,-0.1691296100616455,-0.038640499114990234,-0.0928795337677002,1,0,0,0
RET,ATT,254,1721060303895,-0.006368757225573063,0.011101552285254003,0.0032914807088673115,-0.3027183115482331,0.01182190515100956,9.759662628173828,-0.16746902465820312,-0.03867483139038086,-0.09778380393981934,1,0,0,0
RET,ATT,255,1721060304894,-0.00645071268081665,0.0058671459555625916,0.0033421444240957503,-0.3472618758678437,0.048066567629575736,9.767955780029297,-0.16872882843017578,-0.0382080078125,-0.10325145721435547,1,0,0,0
RET,ATT,256,1721060305893,-0.0049024815671145925,0.009210221469402313,0.00347029441036284,-0.305713564157486,0.03698884323239327,9.736034393310547,-0.16919779777526855,-0.03966927528381348,-0.10325431823730469,1,0,0,0
RET,ATT,257,1721060306894,-0.006787106860429049,0.009062699973583221,0.0035667791962623596,-0.2437493056058884,0.01864147745072842,9.830162048339844,-0.1675729751586914,-0.0367124080657959,-0.09581995010375977,1,0,0,0
RET,ATT,258,1721060307893,-0.006394461262971164,0.008743440732359886,0.0036889689508825545,-0.30876654386520386,0.02860356494784355,9.78982925415039,-0.16723299026489258,-0.03718209266662598,-0.09185552597045898,1,0,0,0
RET,ATT,259,1721060308893,-0.005205348599702121,0.009003096260130407,0.0038733710534870625,-0.3330343067646027,0.051993358880281455,9.74702548980713,-0.16834306716918945,-0.04063153266906738,-0.09976983070373535,1,0,0,0
RET,ATT,260,1721060309894,-0.005640089511871338,0.011185371316969396,0.003409944474697113,-0.3062657117843628,0.04840734228491784,9.75900173187256,-0.16783785820007324,-0.03862452507019043,-0.08840203285217285,1,0,0,0
RET,ATT,261,1721060310893,-0.005389005411416293,0.010115467011928558,0.0030661001801490784,-0.30683302879333496,0.0036842105910182,9.78489398956299,-0.16785049438476562,-0.040570735931396484,-0.0874030590057373,1,0,0,0
RET,ATT,262,1721060311893,-0.00551156746223569,0.009334646165370941,0.003473275108262897,-0.28691807389259344,0.016154978424310684,9.766904830932617,-0.16809630393981934,-0.03956341743469238,-0.08148336410522461,1,0,0,0
RET,ATT,263,1721060312894,-0.0054288660176098355,0.009187870658934118,0.0036185611970722675,-0.2644859552383423,0.00919527839869261,9.759532928466797,-0.16757535934448242,-0.039083242416381836,-0.08246278762817383,1,0,0,0
RET,ATT,264,1721060313894,-0.007000564597547054,0.008181297220289709,0.0029815356247127056,-0.30883675813674927,-0.007315114140510559,9.775660514831545,-0.16884160041809082,-0.03812861442565918,-0.08793330192565918,1,0,0,0
RET,ATT,265,1721060314893,-0.005201623309403659,0.0097690150141716,0.003567896783351898,-0.32150825858116155,0.012681568972766401,9.775261878967287,-0.16817164421081543,-0.03718209266662598,-0.0928654670715332,1,0,0,0
RET,ATT,266,1721060315894,-0.004974753595888615,0.012019465677440168,0.003450550604611635,-0.33208093047142034,0.038417082279920585,9.777168273925781,-0.16718101501464844,-0.038162946701049805,-0.09283733367919922,1,0,0,0
RET,ATT,267,1721060316894,-0.005348772741854191,0.01000482589006424,0.0020368027035146956,-0.2753070592880249,0.05207204818725586,9.772770881652834,-0.16853070259094238,-0.03963208198547363,-0.09533143043518066,1,0,0,0
RET,ATT,268,1721060317893,-0.005223229061812163,0.009912064298987389,0.0031495469156652693,-0.3079782724380493,0.012708452530205252,9.756797790527344,-0.16719388961791992,-0.038648366928100586,-0.09234094619750977,1,0,0,0
RET,ATT,269,1721060318894,-0.005735456012189388,0.011108630336821081,0.002880580490455032,-0.34643408656120306,0.06662333756685258,9.782387733459474,-0.16694164276123047,-0.03868269920349121,-0.09876012802124023,1,0,0,0
RET,ATT,270,1721060319894,-0.005010143853724003,0.012105892412364485,0.003547408152371645,-0.3016809523105622,0.0386028066277504,9.792895317077638,-0.16846656799316406,-0.03720593452453613,-0.09781455993652344,1,0,0,0
RET,ATT,271,1721060320893,-0.006597861647605896,0.011014007031917572,0.0033030288759619,-0.288341760635376,0.05472990870475769,9.796328544616701,-0.16841530799865723,-0.03526473045349121,-0.09980082511901855,1,0,0,0
RET,ATT,272,1721060321893,-0.006454065442085266,0.009536185301840307,0.003050081431865692,-0.35005232691764837,0.05062225833535195,9.769201278686523,-0.16934990882873535,-0.038123369216918945,-0.08745074272155762,1,0,0,0
RET,ATT,273,1721060322892,-0.005898997187614441,0.009772743098437788,0.0031320385169237856,-0.37353867292404175,0.03117349930107594,9.792490005493164,-0.1658639907836914,-0.035715579986572266,-0.08985495567321777,1,0,0,0
RET,ATT,274,1721060323893,-0.005537643563002349,0.009910574182868004,0.0033034014049917464,-0.29859304428100586,-0.01061064563691616,9.775757789611818,-0.1657731533050537,-0.038162946701049805,-0.09132218360900879,1,0,0,0
RET,ATT,275,1721060324893,-0.007470324635505676,0.011929681524634361,0.002683513099327684,-0.26676824688911444,0.014316987246274948,9.91023063659668,-0.16752076148986816,-0.039154767990112305,-0.09629964828491211,1,0,0,0
RET,ATT,276,1721060325894,-0.0062793497927486905,0.010515563189983368,0.003063492709770799,-0.32562851905822754,0.03335845842957497,9.7816858291626,-0.16723299026489258,-0.03718209266662598,-0.09185552597045898,1,0,0,0
RET,ATT,277,1721060326892,-0.005418806336820126,0.009858050383627416,0.003367103869095445,-0.30147111415863037,0.029855098575353622,9.772671699523928,-0.16594791412353516,-0.03667807579040527,-0.08738064765930176,1,0,0,0
RET,ATT,278,1721060327892,-0.005584210623055697,0.010464899241924286,0.0031789767090231185,-0.3334019184112549,0.041866935789585114,9.784505844116211,-0.1665635108947754,-0.0347743034362793,-0.0972900390625,1,0,0,0
RET,ATT,279,1721060328893,-0.005786493420600891,0.009322725236415863,0.0034091996494680647,-0.3138932883739472,0.020957140251994136,9.761704444885256,-0.16840171813964844,-0.03770160675048828,-0.09929299354553223,1,0,0,0
RET,ATT,280,1721060329892,-0.005684420932084323,0.009915046393871307,0.003563054604455829,-0.3185772001743317,0.022308396175503734,9.769826889038086,-0.16847968101501465,-0.03623008728027344,-0.09782028198242188,1,0,0,0
RET,ATT,281,1721060330892,-0.005793944466859103,0.009084679186344147,0.003100745379924774,-0.31693965196609497,0.03373460844159127,9.764692306518555,-0.16750192642211914,-0.03623533248901367,-0.09779787063598633,1,0,0,0
RET,ATT,282,1721060331893,-0.005716085433959961,0.010580011643469335,0.0030877068638801575,-0.2947404086589814,0.023304594680666927,9.766626358032227,-0.16869330406188965,-0.03620100021362305,-0.09238862991333008,1,0,0,0
RET,ATT,283,1721060332893,-0.005326420068740845,0.012782402336597443,0.005404092837125064,-0.363533765077591,-0.04320385679602624,9.813282966613771,-0.17005586624145508,-0.03669404983520508,-0.09488844871520996,1,0,0,0
RET,ATT,284,1721060333893,-0.005647167097777129,0.011098198592662811,0.0038931148592382674,-0.2935420870780945,-0.022785142064094543,9.776474952697756,-0.16849231719970703,-0.03817629814147949,-0.09682130813598633,1,0,0,0
RET,ATT,285,1721060334892,-0.006344170309603214,0.009936654008924963,0.002829544479027391,-0.33083051443099976,0.04343550652265549,9.79908084869385,-0.16896820068359375,-0.037688493728637695,-0.09732913970947266,1,0,0,0
RET,ATT,286,1721060335893,-0.006470084190368652,0.01140814181417227,0.0036517158150672913,-0.2836947441101074,0.04347251728177071,9.788733482360842,-0.1675279140472412,-0.03574490547180176,-0.09730672836303711,1,0,0,0
RET,ATT,287,1721060336892,-0.005253776907920837,0.010378099977970123,0.0033402817789465193,-0.2832488119602204,0.003572567598894239,9.780269622802734,-0.16942429542541504,-0.03866434097290039,-0.09782862663269043,1,0,0,0
RET,ATT,288,1721060337893,-0.005401670932769775,0.010129251517355444,0.00330824451521039,-0.2886424362659455,-0.0022888649255037308,9.777318954467773,-0.1677086353302002,-0.03815507888793945,-0.09186100959777832,1,0,0,0
RET,ATT,289,1721060338892,-0.006197393871843815,0.009561889804899694,0.003447943134233356,-0.3175829946994782,0.041027013212442405,9.775753974914553,-0.17001080513000488,-0.03572654724121094,-0.0963754653930664,1,0,0,0
RET,ATT,290,1721060339893,-0.005833059549331665,0.009435602463781835,0.0026883557438850403,-0.3036158084869385,0.024508984759449962,9.752628326416016,-0.16703224182128906,-0.03769636154174805,-0.09679055213928223,1,0,0,0
RET,ATT,291,1721060340893,-0.005529820919036865,0.00991877168416977,0.0031111764255911116,-0.32962158322334295,0.028670636937022213,9.763757705688477,-0.16936659812927246,-0.03721117973327637,-0.09981203079223633,1,0,0,0
RET,ATT,292,1721060341892,-0.004662945866584778,0.009985455311834814,0.00316668301820755,-0.2924361824989319,0.002295521553605795,9.769285202026367,-0.16732072830200195,-0.036746978759765625,-0.10223889350891113,1,0,0,0
RET,ATT,293,1721060342893,-0.00628233002498746,0.010162778198719025,0.0029457733035087585,-0.317160964012146,-0.006863576825708152,9.780064582824709,-0.16796231269836426,-0.03581357002258301,-0.11115479469299316,1,0,0,0
RET,ATT,294,1721060343893,-0.0064719473011791715,0.009915791451931,0.0031480567995458846,-0.2611910104751587,0.022942921146750454,9.780097007751467,-0.1690046787261963,-0.03531241416931152,-0.10969877243041992,1,0,0,0
RET,ATT,295,1721060344892,-0.005972758401185275,0.010448136366903784,0.002969615161418915,-0.29830428957939154,0.05923790112137795,9.781070709228516,-0.17154574394226074,-0.03528594970703125,-0.10728597640991211,1,0,0,0
RET,ATT,296,1721060345893,-0.005547702778130771,0.010511092841625214,0.0027054927777498965,-0.2943105101585388,0.030055172741413116,9.767621994018555,-0.16860628128051758,-0.03578972816467285,-0.10721564292907715,1,0,0,0
RET,ATT,297,1721060346893,-0.005736202001571655,0.010119193233549597,0.0032877551857382063,-0.3032201826572419,0.01841525547206402,9.778160095214844,-0.1670854091644287,-0.0344080924987793,-0.1215212345123291,1,0,0,0
RET,ATT,298,1721060347893,-0.0062141576781868935,0.009736233390867712,0.003168918192386627,-0.294170618057251,0.021878452971577648,9.780332565307617,-0.16985273361206055,-0.034837961196899414,-0.11318063735961914,1,0,0,0
RET,ATT,299,1721060348892,-0.0059749926440417775,0.010184383951127531,0.0031830742955207825,-0.30724960565567017,0.030568867921829224,9.779429435729982,-0.16953182220458984,-0.03676557540893555,-0.10822033882141113,1,0,0,0
RET,ATT,300,1721060349893,-0.005755945108830929,0.010029039345681669,0.003288872539997101,-0.3085861802101135,0.03530600294470788,9.768731117248537,-0.16588687896728516,-0.03723740577697754,-0.10121464729309082,1,0,0,0
RET,ATT,301,1721060350893,-0.005828961730003357,0.010794586502015592,0.002709217602387071,-0.29171654582023626,0.020693192258477214,9.773826599121094,-0.16586041450500488,-0.03918886184692383,-0.10120344161987305,1,0,0,0
RET,ATT,302,1721060351891,-0.00612214207649231,0.009913184680044653,0.0028794631361961365,-0.30325329303741455,0.02672701142728329,9.776176452636719,-0.16838860511779785,-0.03867745399475098,-0.09928750991821289,1,0,0,0
RET,ATT,303,1721060352893,-0.005818158388137817,0.009503774344921112,0.003302284283563495,-0.32014626264572144,0.02718809060752392,9.769882202148438,-0.16918492317199707,-0.039183855056762695,-0.10375094413757324,1,0,0,0
RET,ATT,304,1721060353892,-0.004874914884567261,0.01047384086996317,0.003367103636264801,-0.29423075914382935,0.026510102674365047,9.781652450561523,-0.16843438148498535,-0.03672313690185547,-0.09880495071411133,1,0,0,0
RET,ATT,305,1721060354892,-0.006604195106774569,0.010997988283634186,0.004026851616799831,-0.31725651025772095,-0.02818300947546959,9.789161682128906,-0.16982293128967285,-0.036725759506225586,-0.1008138656616211,1,0,0,0
RET,ATT,306,1721060355893,-0.006424636114388705,0.010071136057376862,0.002737902337685228,-0.3174677789211274,0.0002565030590631068,9.780518531799318,-0.16775107383728027,-0.038213253021240234,-0.10322904586791992,1,0,0,0
RET,ATT,307,1721060356892,-0.005423650145530701,0.012488104403018951,0.002372078830376268,-0.3098027408123017,0.05802498012781143,9.808773040771484,-0.16724300384521484,-0.036757469177246094,-0.10421395301818848,1,0,0,0
RET,ATT,308,1721060357892,-0.0042241071350872525,0.01156199723482132,0.002841092878952623,-0.27981698513031006,0.02428543381392956,9.723798751831055,-0.16881966590881348,-0.03576087951660156,-0.10178422927856445,1,0,0,0
RET,ATT,309,1721060358893,-0.0053610652685165405,0.008975901640951635,0.0032780694309622054,-0.32799774408340454,0.019007923081517223,9.761764526367188,-0.17010498046875,-0.03626441955566406,-0.10625934600830078,1,0,0,0
RET,ATT,310,1721060359893,-0.00616200314834714,0.010372139513492584,0.0030679630581289534,-0.3057596683502197,0.03031197190284729,9.77606201171875,-0.16681885719299316,-0.03772544860839844,-0.10222196578979492,1,0,0,0
RET,ATT,311,1721060360892,-0.006420910358428955,0.009766407310962677,0.0032661485020071272,-0.30989655852317816,0.016173319891095165,9.771395683288576,-0.1693861484527588,-0.035747528076171875,-0.09982037544250488,1,0,0,0
RET,ATT,312,1721060361891,-0.00490024732425809,0.010410510003566742,0.0031249599996954207,-0.2923769056797028,0.019938515499234203,9.779817581176758,-0.16934728622436523,-0.03575277328491211,-0.10080790519714355,1,0,0,0
RET,ATT,313,1721060362893,-0.005077198147773743,0.010782294906675817,0.0031085687223821883,-0.3064020276069641,0.015421738848090172,9.774068832397461,-0.16554665565490723,-0.037706851959228516,-0.09725046157836914,1,0,0,0
RET,ATT,314,1721060363892,-0.006249919533729553,0.01045819465070963,0.002742372453212738,-0.3078607022762299,0.030808864161372188,9.779518127441406,-0.16671180725097656,-0.038162946701049805,-0.09233236312866211,1,0,0,0
RET,ATT,315,1721060364893,-0.005636365618556739,0.0105345631018281,0.0035149981267750263,-0.28953850269317627,0.04085469990968704,9.77376937866211,-0.16684818267822266,-0.03522229194641113,-0.08988046646118164,1,0,0,0
RET,ATT,316,1721060365893,-0.005298108328133822,0.010407529771327972,0.003442727262154222,-0.30983456969261175,0.03358621522784234,9.7825403213501,-0.16776084899902344,-0.03571319580078125,-0.09138131141662598,1,0,0,0
RET,ATT,317,1721060366893,-0.005040689371526241,0.010232442058622839,0.00312011712230742,-0.2962520718574524,0.033192507922649384,9.787257194519045,-0.16824960708618164,-0.03571057319641113,-0.09139251708984375,1,0,0,0
RET,ATT,318,1721060367892,-0.006191432941704989,0.009825639426708221,0.002980045741423965,-0.3007891774177551,0.02681571990251541,9.778113365173342,-0.16721367835998535,-0.037184715270996094,-0.09234929084777832,1,0,0,0
RET,ATT,319,1721060368892,-0.006055458914488555,0.009396114386618139,0.0033820047974586487,-0.29924961924552923,0.03737490624189377,9.76697635650635,-0.16607451438903809,-0.03623795509338379,-0.09677648544311523,1,0,0,0
RET,ATT,320,1721060369893,-0.005125254392623901,0.01028906460851431,0.0034322962164878845,-0.3036832511425019,0.0326494611799717,9.777629852294922,-0.1681654453277588,-0.0362088680267334,-0.09336495399475098,1,0,0,0
RET,ATT,321,1721060370892,-0.005662814248353244,0.010729767382144928,0.0030623748898506165,-0.29376921057701116,0.01882557757198811,9.799205780029297,-0.1700422763824463,-0.03913092613220215,-0.09438061714172363,1,0,0,0
RET,ATT,322,1721060371893,-0.005513429641723633,0.011393987573683264,0.0034110620617866516,-0.30394414067268377,0.02429487556219101,9.808871269226076,-0.16682195663452148,-0.03571295738220215,-0.09037137031555176,1,0,0,0
RET,ATT,323,1721060372892,-0.005476922728121281,0.01046154834330082,0.0033108524512499575,-0.2878106534481049,0.01585904136300087,9.78260135650635,-0.16774749755859375,-0.03814983367919922,-0.09087347984313965,1,0,0,0
RET,ATT,324,1721060373892,-0.006205589044839145,0.009965337812900543,0.002855248982086778,-0.29418829083442694,0.02308761328458786,9.792126655578615,-0.16694068908691406,-0.039528846740722656,-0.07354927062988281,1,0,0,0
RET,ATT,325,1721060374892,-0.005716085433959961,0.009611808694899084,0.002981163794174791,-0.2952300608158112,0.01308224629610777,9.76405429840088,-0.16580796241760254,-0.03955507278442383,-0.07747697830200195,1,0,0,0
RET,ATT,326,1721060375891,-0.005696714390069247,0.010728277266025543,0.003133155638352037,-0.3065997660160065,0.0516120046377182,9.788089752197266,-0.16637468338012695,-0.03808093070983887,-0.07601523399353027,1,0,0,0
RET,ATT,327,1721060376892,-0.0048346808180212975,0.012183748185634613,0.0032125043217092757,-0.27954491972923284,0.029421648010611538,9.785136222839357,-0.1650562286376953,-0.04147744178771973,-0.07102441787719727,1,0,0,0
RET,ATT,328,1721060377892,-0.006710365414619446,0.009492970071733,0.004213117063045502,-0.2895786762237549,0.04038273915648461,9.765713691711428,-0.1637582778930664,-0.040488243103027344,-0.06704568862915039,1,0,0,0
RET,ATT,329,1721060378892,-0.005616992712020874,0.009912067092955114,0.0033812599722296004,-0.2752666473388672,0.023362869396805767,9.754066467285156,-0.16490411758422852,-0.03948640823364258,-0.06312394142150879,1,0,0,0
RET,ATT,330,1721060379892,-0.005875528324395419,0.01008603721857071,0.0027237462345510726,-0.29915586113929754,0.04348821565508843,9.764382362365724,-0.16742277145385742,-0.040014028549194336,-0.07355785369873047,1,0,0,0
RET,ATT,331,1721060380892,-0.005490332841873169,0.010525248944759369,0.0025736170355230574,-0.3032015562057495,0.020623987540602687,9.78978157043457,-0.16585302352905273,-0.039061784744262695,-0.0764923095703125,1,0,0,0
RET,ATT,332,1721060381893,-0.00615343451499939,0.010208600200712683,0.0032098963856697083,-0.29954579472541815,0.03550983965396881,9.787906646728516,-0.16512560844421387,-0.03666186332702637,-0.08340811729431152,1,0,0,0
RET,ATT,333,1721060382892,-0.00644586980342865,0.009808504022657873,0.0036908315960317854,-0.24800214171409607,0.020258070901036266,9.782560348510742,-0.1660313606262207,-0.039101600646972656,-0.08440399169921875,1,0,0,0
RET,ATT,334,1721060383892,-0.005851686466485263,0.010272674262523651,0.003397651249542833,-0.32413339614868164,-7.255368836922572e-05,9.780200958251953,-0.16783785820007324,-0.03862452507019043,-0.08840203285217285,1,0,0,0
RET,ATT,335,1721060384892,-0.005862118210643531,0.01024101208895445,0.0032486398704349995,-0.30340728163719183,0.04518730193376541,9.80984115600586,-0.17241597175598145,-0.035718679428100586,-0.09741902351379395,1,0,0,0
RET,ATT,336,1721060385891,-0.006713344715535641,0.009192339144647123,0.003358907997608185,-0.29950958490371704,-0.003950877580791713,9.813651084899904,-0.1738889217376709,-0.035222768783569336,-0.09745573997497559,1,0,0,0
RET,ATT,337,1721060386893,-0.005112216342240573,0.011881999671459198,0.003549642860889435,-0.3360096216201782,0.06116577237844467,9.803472518920898,-0.17878937721252441,-0.03714299201965332,-0.09656929969787598,1,0,0,0
RET,ATT,338,1721060387892,-0.0045455992221832275,0.009270199574530126,0.0031640753149986267,-0.29803669452667236,-0.017079994082450867,9.71995735168457,-0.17305946350097656,-0.03861689567565918,-0.09247589111328125,1,0,0,0
RET,ATT,339,1721060388892,-0.0037457793951034546,0.010356493294239044,0.0035980714019387965,-0.29003816843032837,-0.0015266523696482182,9.687113761901857,-0.17315006256103516,-0.037630319595336914,-0.09050631523132324,1,0,0,0
RET,ATT,340,1721060389892,-0.005592405796051025,0.009700098074972631,0.0037157912738621235,-0.30677971243858343,-0.04313981160521508,9.75948238372803,-0.17401123046875,-0.037641048431396484,-0.0934913158416748,1,0,0,0
RET,ATT,341,1721060390891,-0.006333739962428809,0.009881146252155304,0.0032754619605839252,-0.29956755042076116,0.009838992729783058,9.780908584594727,-0.1736454963684082,-0.037139892578125,-0.09052038192749023,1,0,0,0
RET,ATT,342,1721060391892,-0.005608797073364258,0.010132976807653906,0.0030366703867912292,-0.2857156693935395,0.016644285991787914,9.777399063110352,-0.17638707160949707,-0.03806018829345703,-0.08267068862915039,1,0,0,0
RET,ATT,343,1721060392891,-0.005856156814843417,0.010536425746977331,0.002981908619403839,-0.2948021590709687,0.04699477925896645,9.776719093322756,-0.17311406135559082,-0.03854537010192871,-0.07863879203796387,1,0,0,0
RET,ATT,344,1721060393892,-0.00490509020164609,0.011047907173633575,0.0036457555834203963,-0.3084490597248078,0.044860415160655975,9.788641929626467,-0.17319822311401367,-0.038046836853027344,-0.07666635513305664,1,0,0,0
RET,ATT,345,1721060394891,-0.00461190938949585,0.010162779130041601,0.003358908230438829,-0.2948442995548249,0.022220430895686153,9.782083511352539,-0.1732494831085205,-0.039988040924072266,-0.07468008995056152,1,0,0,0
RET,ATT,346,1721060395891,-0.0055883084423840055,0.01067575067281723,0.0029752033296972518,-0.308995932340622,0.02924741804599762,9.774033546447756,-0.17369937896728516,-0.03999066352844238,-0.07567906379699707,1,0,0,0
RET,ATT,347,1721060396892,-0.00600665807723999,0.009934790432453156,0.003176369005814195,-0.30723795294761663,0.01851938106119633,9.783995628356935,-0.1737840175628662,-0.03803110122680664,-0.07420897483825684,1,0,0,0
RET,ATT,348,1721060397891,-0.0056769708171486855,0.009703450836241247,0.0033026565797626972,-0.3085377514362336,0.02478703483939171,9.778322219848633,-0.17275428771972656,-0.04047846794128418,-0.07466602325439453,1,0,0,0
RET,ATT,349,1721060398892,-0.00656545301899314,0.009468385949730873,0.0028925021179020405,-0.29661720991134644,0.01690877787768841,9.769842147827148,-0.1722264289855957,-0.04048633575439453,-0.07564234733581543,1,0,0,0
RET,ATT,350,1721060399891,-0.006245823111385108,0.010779688134789467,0.003273227019235492,-0.296089231967926,0.028212368488311768,9.769588470458984,-0.17257976531982422,-0.03904128074645996,-0.07961225509643555,1,0,0,0
RET,ATT,351,1721060400891,-0.005625932943075896,0.01011993642896414,0.003177113365381956,-0.3023726046085358,0.014319689944386482,9.764380455017092,-0.17436003684997559,-0.03905439376831055,-0.08410143852233887,1,0,0,0
RET,ATT,352,1721060401891,-0.005985051859170199,0.009268708527088165,0.002969615394249559,-0.31230911612510687,0.02878578938543797,9.769639015197756,-0.1728224754333496,-0.04150724411010742,-0.08504104614257812,1,0,0,0
RET,ATT,353,1721060402892,-0.005516782868653537,0.010143406689167023,0.003423728048801422,-0.28054165840148926,0.017960213124752045,9.76543712615967,-0.1726546287536621,-0.039582014083862305,-0.08998990058898926,1,0,0,0
