ID,Type,Number,Date,Latitude [deg],Longitude [deg],Height [m],Posx [m],Posy [m],Posz [m],Velx [mm/s],Vely [mm/s],Velz [mm/s],nSats,Gyrx [deg/s],Gyry [deg/s],Gyrz [deg/s],Magx [uT],Magy [uT],Magz [uT],CPU Temperature [Â°C]
ERRE,PVT,47520,2023-09-23 13:43:08.000005,67.88781088642004,21.081096338808145,359.39047329565494,2246772.376581196,866105.7630840404,5886727.15480344,-44,-22,11,15,-46,108,-542,18,0,75,None
ERRE,PVT,47521,2023-09-23 13:43:08.200005,67.8878110451684,21.08109651314886,359.4297736727094,2246772.3724426157,866105.7693411052,5886727.1978784595,-51,-30,6,15,-20,77,-540,19,1,76,None
ERRE,PVT,47522,2023-09-23 13:43:08.400005,67.88781117914172,21.08109669375544,359.47261918100236,2246772.3718432873,866105.7772447318,5886727.243197653,-34,-2,36,15,-51,107,-273,18,2,74,None
ERRE,PVT,47523,2023-09-23 13:43:08.600005,67.88781136223541,21.081096780989473,359.52304463754774,2246772.3705815026,866105.7806874164,5886727.297601654,2,-21,93,15,-43,97,112,17,1,76,None
ERRE,PVT,47524,2023-09-23 13:43:08.800004,67.88781153656944,21.08109677079655,359.57412241917274,2246772.371866185,866105.7807235501,5886727.352242218,-8,-28,26,15,-61,88,482,18,3,74,None
ERRE,PVT,47525,2023-09-23 13:43:09.000004,67.88781169262347,21.08109666149039,359.630720397585,2246772.378350519,866105.7782999543,5886727.411229451,-11,-24,-72,15,-66,59,718,20,2,76,None
ERRE,PVT,47526,2023-09-23 13:43:09.200004,67.88781184148067,21.081096490527486,359.69194453836224,2246772.3880856414,866105.7743524335,5886727.474200419,36,-32,-50,15,-60,75,749,18,1,75,None
ERRE,PVT,47527,2023-09-23 13:43:09.400004,67.88781205734112,21.08109632751095,359.7522640203522,2246772.3909224197,866105.768103588,5886727.539146479,26,-32,-17,15,-77,69,576,18,0,76,None
ERRE,PVT,47528,2023-09-23 13:43:09.600004,67.88781225932142,21.081096216909785,359.7981255132386,2246772.3892271398,866105.7624685139,5886727.59011518,22,-12,-59,15,-78,61,290,18,2,74,None
ERRE,PVT,47529,2023-09-23 13:43:09.800004,67.8878124862151,21.08109617992731,359.8520190972295,2246772.3868379495,866105.7598817883,5886727.649571221,-20,-2,-17,15,-92,50,-2,20,0,74,None
ERRE,PVT,47530,2023-09-23 13:43:10.000004,67.88781261962954,21.081096074791322,359.89648142123264,2246772.3911797777,866105.7568201079,5886727.696364845,-5,-19,-126,15,-105,70,-234,18,1,76,None
ERRE,PVT,47531,2023-09-23 13:43:10.200004,67.88781281000219,21.08109613977837,359.9369571780153,2246772.3860578276,866105.7577727205,5886727.741856579,-21,-13,-24,15,-133,70,-398,20,1,73,None
ERRE,PVT,47532,2023-09-23 13:43:10.400004,67.88781295025355,21.081096238641393,359.9697651227216,2246772.3825633577,866105.7608785088,5886727.778140075,7,-37,6,15,-166,71,-378,19,0,74,None
ERRE,PVT,47533,2023-09-23 13:43:10.600004,67.88781309349154,21.08109645010036,360.00145976922863,2246772.3766878494,866105.7681378421,5886727.813517556,-5,-30,17,15,-175,66,-189,19,2,76,None
ERRE,PVT,47534,2023-09-23 13:43:10.800004,67.8878132435152,21.081096724149244,360.04178092455066,2246772.3722418044,866105.7787673163,5886727.857171957,34,30,77,15,-201,116,67,19,1,75,None
ERRE,PVT,47535,2023-09-23 13:43:11.000004,67.88781331275561,21.081097044040504,360.06685885219014,2246772.369538088,866105.792133215,5886727.883312511,43,24,1,15,-214,106,338,19,1,75,None
ERRE,PVT,47536,2023-09-23 13:43:11.200004,67.8878132950009,21.08109732068634,360.08453228280064,2246772.3732755254,866105.8060342997,5886727.898940583,37,29,29,15,-248,80,502,19,1,76,None
ERRE,PVT,47537,2023-09-23 13:43:11.400004,67.88781312962756,21.081097573431688,360.0888668799873,2246772.386922726,866105.8226789912,5886727.896012965,31,45,-38,15,-229,109,552,19,1,73,None
ERRE,PVT,47538,2023-09-23 13:43:11.700004,67.88781288893367,21.08109797842002,360.1190679996229,2246772.4146160576,866105.8515954538,5886727.913886925,16,25,-44,15,-177,121,377,19,1,75,None
ERRE,PVT,47539,2023-09-23 13:43:11.900004,67.8878126286018,21.081098335613113,360.12791937230236,2246772.4374267454,866105.8764769768,5886727.911156918,8,36,42,15,-126,104,142,20,0,76,None
ERRE,PVT,47540,2023-09-23 13:43:12.100004,67.88781235948642,21.08109853639768,360.1336560990326,2246772.462354726,866105.8951299308,5886727.905172566,6,15,9,15,-121,130,-101,19,2,75,None
ERRE,PVT,47541,2023-09-23 13:43:12.400004,67.88781205110006,21.081098781563615,360.1581639728615,2246772.4969913033,866105.9195244133,5886727.914929874,-6,1,59,15,-92,112,-337,18,1,76,None
ERRE,PVT,47542,2023-09-23 13:43:12.600004,67.8878118112254,21.081098897286978,360.1758312517896,2246772.5245760465,866105.9353702973,5886727.921226272,-19,5,22,15,-74,132,-263,20,1,75,None
ERRE,PVT,47543,2023-09-23 13:43:12.800004,67.88781157290224,21.081098984121493,360.1833794337575,2246772.5488937767,866105.9486556078,5886727.9182129875,-25,-2,-43,15,-90,106,-92,20,1,73,None
ERRE,PVT,47544,2023-09-23 13:43:13.000004,67.88781134966817,21.081099062365375,360.1878528267399,2246772.5708065163,866105.960626892,5886727.912984603,3,3,37,15,-94,103,115,19,0,74,None
ERRE,PVT,47545,2023-09-23 13:43:13.200004,67.88781122053214,21.081099039290923,360.2044993855429,2246772.5894534145,866105.9667757734,5886727.922984851,16,-5,-30,15,-109,60,298,20,0,74,None
ERRE,PVT,47546,2023-09-23 13:43:13.400004,67.88781115002239,21.081098987479507,360.23043707256716,2246772.606145247,866105.9708766635,5886727.9440543465,7,-7,-48,15,-144,57,442,18,1,75,None
ERRE,PVT,47547,2023-09-23 13:43:13.600004,67.88781103400692,21.081098893348507,360.2407629682247,2246772.622381176,866105.9728957001,5886727.948749707,18,-8,-56,15,-163,98,410,18,0,73,None
ERRE,PVT,47548,2023-09-23 13:43:13.800005,67.88781095084977,21.081098898898833,360.2616430975203,2246772.6376490155,866105.9790312743,5886727.964602619,17,8,-22,15,-244,94,269,17,0,74,None
ERRE,PVT,47549,2023-09-23 13:43:14.000005,67.88781094035322,21.081098962210316,360.3042480371622,2246772.652668117,866105.9876725706,5886728.003633195,-3,7,-29,15,-255,101,54,19,1,73,None
ERRE,PVT,47550,2023-09-23 13:43:14.200005,67.88781093727034,21.081098956567093,360.34602595193223,2246772.6677242615,866105.9932223724,5886728.042208846,12,30,26,15,-301,118,-101,19,0,75,None
ERRE,PVT,47551,2023-09-23 13:43:14.400005,67.88781093719659,21.081098870492344,360.3724970422584,2246772.6783299106,866105.9934338584,5886728.066729853,26,10,34,15,-291,111,-251,19,3,76,None
ERRE,PVT,47552,2023-09-23 13:43:14.600005,67.88781090745955,21.081098948728368,360.3941562649751,2246772.687621854,866106.0005396117,5886728.085547465,-6,30,-23,15,-314,107,-206,18,1,75,None
ERRE,PVT,47553,2023-09-23 13:43:14.800005,67.88781073171614,21.081099235900258,360.3992051038204,2246772.7019993993,866106.0190164442,5886728.082846153,35,41,1,15,-371,131,-101,19,2,75,None
ERRE,PVT,47554,2023-09-23 13:43:15.000005,67.88781047206919,21.081099684231827,360.3796727815507,2246772.7133972016,866106.0436033774,5886728.053848867,23,50,-10,15,-418,126,42,19,2,74,None
ERRE,PVT,47555,2023-09-23 13:43:15.300005,67.88780990839038,21.081100662700216,360.33616166496904,2246772.7376740947,866106.0970328389,5886727.989871314,6,65,-18,15,-361,135,206,21,2,75,None
ERRE,PVT,47556,2023-09-23 13:43:15.500006,67.88780950134296,21.081101393691082,360.28939328420626,2246772.749445446,866106.1344949701,5886727.929452434,31,21,-35,15,-272,124,178,19,3,75,None
ERRE,PVT,47557,2023-09-23 13:43:15.700006,67.8878091272151,21.081102401392442,360.2450422099495,2246772.7547088354,866106.1819116137,5886727.872655232,19,36,5,15,-197,148,184,19,1,75,None
ERRE,PVT,47558,2023-09-23 13:43:15.900006,67.88780886127081,21.081103409421775,360.20673371392445,2246772.751658488,866106.2261381757,5886727.825998386,14,36,21,15,-183,116,203,20,2,73,None
ERRE,PVT,47559,2023-09-23 13:43:16.100007,67.88780859458845,21.081104151378213,360.1538968149346,2246772.747598581,866106.2579914305,5886727.765850734,25,36,-4,15,-174,120,186,20,1,76,None
ERRE,PVT,47560,2023-09-23 13:43:16.300007,67.88780841397178,21.08110495565049,360.1134925187793,2246772.7386648757,866106.2907726446,5886727.7208348205,17,30,-17,15,-163,108,227,19,3,74,None
ERRE,PVT,47561,2023-09-23 13:43:16.500007,67.88780822323122,21.081105867667628,360.06747776549116,2246772.727108051,866106.3273955886,5886727.670196044,-29,19,-30,15,-129,136,31,19,1,75,None
ERRE,PVT,47562,2023-09-23 13:43:16.700007,67.88780802669376,21.081106620805567,360.0210344784827,2246772.718361337,866106.3579457548,5886727.618916864,-24,3,-11,15,-70,92,18,18,2,76,None
ERRE,PVT,47563,2023-09-23 13:43:16.900007,67.88780774956535,21.0811073610678,359.97617194235573,2246772.718135072,866106.3912005292,5886727.565718458,12,-3,26,15,-75,98,18,19,3,77,None
ERRE,PVT,47564,2023-09-23 13:43:17.100007,67.88780747610481,21.081108193741535,359.91126510377546,2246772.709118092,866106.4252288663,5886727.494104038,-36,-22,-21,15,-44,50,-21,18,2,73,None
ERRE,PVT,47565,2023-09-23 13:43:17.300007,67.88780725960557,21.081108988932623,359.8731272537492,2246772.70457751,866106.4592945579,5886727.449681297,-6,-22,47,15,-54,60,-62,19,3,75,None
ERRE,PVT,47566,2023-09-23 13:43:17.500007,67.88780706372467,21.08110974939191,359.82247587090626,2246772.6941788103,866106.4895376615,5886727.394531098,-16,-20,-30,15,-50,29,-99,18,2,76,None
ERRE,PVT,47567,2023-09-23 13:43:17.700008,67.88780688075073,21.0811104617975,359.7839778291116,2246772.6875306116,866106.519062166,5886727.351182261,10,-16,10,15,-53,48,-9,20,3,76,None
ERRE,PVT,47568,2023-09-23 13:43:17.900008,67.88780669446206,21.08111117033557,359.74890060074887,2246772.6824619723,866106.5490213775,5886727.310863456,-3,-3,18,15,-36,63,151,22,2,74,None
ERRE,PVT,47569,2023-09-23 13:43:18.100008,67.8878064854279,21.081111802396993,359.7319266261197,2246772.687100889,866106.5792781777,5886727.286361388,2,-41,-14,15,-26,36,313,21,3,75,None
ERRE,PVT,47570,2023-09-23 13:43:18.300008,67.88780621563939,21.08111243707711,359.7066247992534,2246772.694633202,866106.6107682997,5886727.2515931465,-8,-29,-51,15,0,37,377,18,1,76,None
ERRE,PVT,47571,2023-09-23 13:43:18.500008,67.88780605295041,21.08111290158331,359.6812313619686,2246772.694379177,866106.6315921041,5886727.22123674,-33,-37,-71,15,1,95,339,19,2,76,None
ERRE,PVT,47572,2023-09-23 13:43:18.700008,67.88780594984706,21.081113226666762,359.6516037212355,2246772.6890002782,866106.6441606139,5886727.189459335,-29,-28,31,15,27,87,257,21,3,75,None
ERRE,PVT,47573,2023-09-23 13:43:18.900008,67.88780582472306,21.081113433269508,359.62905547214024,2246772.690022109,866106.6538600705,5886727.163316059,-13,-20,2,15,12,95,215,18,0,76,None
ERRE,PVT,47574,2023-09-23 13:43:19.100007,67.8878057311867,21.081113510187745,359.5982907413362,2246772.687072748,866106.6561875822,5886727.130886882,-48,-42,9,15,69,101,119,18,0,75,None
ERRE,PVT,47575,2023-09-23 13:43:19.300007,67.88780578205166,21.081113602321253,359.5963152759989,2246772.6800817624,866106.6576423991,5886727.1311923405,-53,-25,-45,15,116,75,77,20,1,75,None
ERRE,PVT,47576,2023-09-23 13:43:19.500007,67.88780586428635,21.081113545888968,359.59601868858635,2246772.6729015433,866106.6523327469,5886727.134370292,-67,-41,-40,15,125,105,68,18,1,75,None
ERRE,PVT,47577,2023-09-23 13:43:19.700007,67.88780596115383,21.08111339398857,359.59577531854853,2246772.6657722513,866106.6427427671,5886727.138211922,-52,-44,-21,15,108,107,87,19,0,74,None
ERRE,PVT,47578,2023-09-23 13:43:19.900007,67.88780606073199,21.081113224229714,359.5839839260845,2246772.654595558,866106.6307881986,5886727.131468715,-14,-34,59,15,49,105,119,18,1,74,None
ERRE,PVT,47579,2023-09-23 13:43:20.100007,67.88780613335976,21.08111310558985,359.5767028096553,2246772.646828834,866106.6224505766,5886727.1277725,-22,-11,-2,15,2,108,122,21,2,75,None
ERRE,PVT,47580,2023-09-23 13:43:20.300007,67.88780630476325,21.081112845219657,359.573391153507,2246772.6330747567,866106.6054212479,5886727.131901005,-31,-11,53,15,-46,95,103,18,0,76,None
ERRE,PVT,47581,2023-09-23 13:43:20.500007,67.88780640391879,21.081112596806488,359.5681791071865,2246772.625438638,866106.5912888804,5886727.131235478,-6,-10,-16,15,-91,79,139,19,2,75,None
ERRE,PVT,47582,2023-09-23 13:43:20.700007,67.88780653247142,21.081112436391177,359.5791201081027,2246772.619311235,866106.5817015998,5886727.146769191,-21,4,65,15,-140,114,162,20,1,74,None
ERRE,PVT,47583,2023-09-23 13:43:20.900007,67.88780662150275,21.08111230047877,359.58082352678247,2246772.6133795925,866106.5732934133,5886727.152085411,0,13,-21,15,-187,23,192,20,1,74,None
ERRE,PVT,47584,2023-09-23 13:43:21.100006,67.88780675480176,21.081112199422634,359.6005109649049,2246772.608969242,866106.567041622,5886727.1759215295,13,17,0,15,-205,-49,154,19,2,76,None
ERRE,PVT,47585,2023-09-23 13:43:21.300006,67.88780684933397,21.08111224753786,359.61522590504603,2246772.604295382,866106.5674070475,5886727.193523215,21,36,42,15,-199,-61,104,21,1,74,None
ERRE,PVT,47586,2023-09-23 13:43:21.500006,67.88780694515951,21.08111206745318,359.6367923748621,2246772.6053528353,866106.5597035275,5886727.217526792,18,-2,-25,15,-188,56,-160,19,2,75,None
ERRE,PVT,47587,2023-09-23 13:43:21.700006,67.8878070549599,21.081111959354093,359.672489962033,2246772.608937914,866106.5562166681,5886727.255208871,-14,-7,-15,15,-170,-62,-535,19,1,76,None
ERRE,PVT,47588,2023-09-23 13:43:21.900006,67.8878071642454,21.08111178633275,359.68593424056,2246772.6057380326,866106.54719013,5886727.272252789,-5,-10,-10,15,-132,59,-431,18,2,75,None
ERRE,PVT,47589,2023-09-23 13:43:22.100007,67.8878073003668,21.08111158780999,359.7020663545486,2246772.6012801602,866106.5365300459,5886727.292913586,0,-9,-2,15,-176,64,75,18,1,75,None
ERRE,PVT,47590,2023-09-23 13:43:22.300007,67.88780728650605,21.08111146620289,359.7095919161121,2246772.6070980732,866106.5332955084,5886727.29930367,25,-7,-2,15,-208,96,408,20,3,73,None
ERRE,PVT,47591,2023-09-23 13:43:22.600007,67.88780704611784,21.081111308520352,359.69685011344376,2246772.628184713,866106.5343220334,5886727.277406055,20,5,-44,15,-180,74,595,21,1,76,None
ERRE,PVT,47592,2023-09-23 13:43:22.800007,67.88780680039773,21.081111126802057,359.67591077475885,2246772.6472695847,866106.5334943089,5886727.247689977,19,7,-31,15,-144,143,548,20,1,74,None
ERRE,PVT,47593,2023-09-23 13:43:23.000007,67.88780663025307,21.08111087808768,359.65005513460505,2246772.6583534363,866106.5265647209,5886727.216592326,5,-5,-45,15,-147,146,418,20,2,75,None
ERRE,PVT,47594,2023-09-23 13:43:23.200007,67.88780644707457,21.081110644899884,359.6428741512085,2246772.6770183803,866106.5232568912,5886727.202248542,28,9,4,15,-118,108,331,19,1,73,None
ERRE,PVT,47595,2023-09-23 13:43:23.400007,67.88780628642445,21.08111057015012,359.63245954020323,2246772.68998037,866106.5248868092,5886727.185854849,-10,-1,30,15,-112,129,150,21,1,77,None
ERRE,PVT,47596,2023-09-23 13:43:23.600007,67.88780623128261,21.081110571255483,359.64894416156994,2246772.7010703273,866106.5292116539,5886727.198811804,-7,3,16,15,-101,99,20,16,1,75,None
ERRE,PVT,47597,2023-09-23 13:43:23.800007,67.88780611136485,21.08111050244067,359.65605444793636,2246772.716170413,866106.5319330995,5886727.200364226,9,20,25,15,-134,130,-47,19,1,76,None
ERRE,PVT,47598,2023-09-23 13:43:24.000007,67.88780598825488,21.081110433072197,359.6584402115965,2246772.7299272753,866106.5341118098,5886727.197405592,-34,6,17,15,-101,114,-65,20,1,74,None
ERRE,PVT,47599,2023-09-23 13:43:24.200006,67.88780586952423,21.081110264643556,359.6717238281303,2246772.748586953,866106.5337187535,5886727.204727128,-21,-6,-42,15,-125,92,-20,18,0,75,None
ERRE,PVT,47600,2023-09-23 13:43:24.400007,67.88780575914802,21.08111011329596,359.6810806342015,2246772.7648036806,866106.5331533101,5886727.208761446,17,18,-39,15,-120,103,59,18,1,76,None
ERRE,PVT,47601,2023-09-23 13:43:24.600006,67.88780569185944,21.08110998172441,359.7041820820794,2246772.781394446,866106.533622783,5886727.227338556,12,11,42,15,-133,94,125,18,1,76,None
ERRE,PVT,47602,2023-09-23 13:43:24.800006,67.88780571675647,21.08110959724762,359.73504761568074,2246772.795646624,866106.5217997029,5886727.256979217,1,9,4,15,-150,104,229,17,0,74,None
ERRE,PVT,47603,2023-09-23 13:43:25.000006,67.88780568180692,21.081109126853306,359.7515286482062,2246772.811915754,866106.5068843418,5886727.270780646,16,-10,-51,15,-179,53,302,21,1,77,None
ERRE,PVT,47604,2023-09-23 13:43:25.200006,67.88780569531478,21.081108709851183,359.78326242909395,2246772.8280627006,866106.494326707,5886727.300747505,25,2,-16,15,-208,40,144,19,1,75,None
ERRE,PVT,47605,2023-09-23 13:43:25.400006,67.88780576301399,21.081108306495384,359.81658819785036,2246772.839337363,866106.4805055007,5886727.334464549,30,2,-45,15,-201,44,-83,19,1,75,None
ERRE,PVT,47606,2023-09-23 13:43:25.600006,67.88780596629007,21.081107837309865,359.8628718227902,2246772.8430859223,866106.4608180409,5886727.38587874,-19,2,25,15,-198,61,-423,17,1,74,None
ERRE,PVT,47607,2023-09-23 13:43:25.800006,67.88780619774445,21.0811073486311,359.90022110212533,2246772.8412741916,866106.4381091587,5886727.430198818,-32,-7,-7,15,-189,108,-472,19,2,74,None
ERRE,PVT,47608,2023-09-23 13:43:26.000006,67.8878064725041,21.08110692956059,359.94640212434217,2246772.8373366795,866106.4177160218,5886727.48451928,-20,24,29,15,-274,96,9,19,2,75,None
ERRE,PVT,47609,2023-09-23 13:43:26.200006,67.88780672662209,21.081106346361565,360.0096287528081,2246772.843857378,866106.3939619327,5886727.553764951,4,15,46,15,-237,36,236,18,0,76,None
ERRE,PVT,47610,2023-09-23 13:43:26.400006,67.88780691607346,21.081105692581513,360.05245542593616,2246772.850515147,866106.3670816576,5886727.6013960065,-10,-8,28,15,-170,98,320,20,2,75,None
ERRE,PVT,47611,2023-09-23 13:43:26.600005,67.8878070556305,21.08110495318803,360.0902622191865,2246772.8615147914,866106.3380190309,5886727.642281529,20,-17,-21,15,-104,58,428,18,1,77,None
ERRE,PVT,47612,2023-09-23 13:43:26.800005,67.88780723339818,21.081104188154406,360.11126666797435,2246772.8633162756,866106.3042557619,5886727.669204862,30,-20,-2,15,-48,66,500,19,1,75,None
ERRE,PVT,47613,2023-09-23 13:43:27.000005,67.8878074566732,21.081103409163862,360.1256913153929,2246772.8586298893,866106.2673628599,5886727.691943031,19,-15,-11,15,-15,93,565,21,1,75,None
ERRE,PVT,47614,2023-09-23 13:43:27.200005,67.88780765929754,21.08110267115808,360.13930606496655,2246772.855030645,866106.2327350257,5886727.713063826,5,-17,-29,15,-58,-120,575,19,1,74,None
ERRE,PVT,47615,2023-09-23 13:43:27.400005,67.88780795211534,21.081101819571245,360.14759855293903,2246772.8425825196,866106.1895802651,5886727.733040701,10,-14,17,15,-126,142,457,19,0,75,None
ERRE,PVT,47616,2023-09-23 13:43:27.600005,67.88780795578516,21.081101205818715,360.13940483361455,2246772.8486285377,866106.1642670388,5886727.725603724,23,-2,-27,15,-140,84,-68,19,1,74,None
ERRE,PVT,47617,2023-09-23 13:43:27.800005,67.88780786951794,21.0811009036102,360.11654148791433,2246772.853484509,866106.1525272517,5886727.700799976,-57,3,-18,15,-126,81,-583,20,1,77,None
ERRE,PVT,47618,2023-09-23 13:43:28.000005,67.88780777373358,21.081100792447526,360.0990887506896,2246772.8582705613,866106.1493653674,5886727.68060929,-25,10,-23,15,-146,139,-62,19,1,74,None
ERRE,PVT,47619,2023-09-23 13:43:28.200005,67.8878075982629,21.081100655736606,360.0750459966541,2246772.8688115976,866106.1472712527,5886727.650967565,22,2,24,15,-118,74,333,18,0,74,None
ERRE,PVT,47620,2023-09-23 13:43:28.400005,67.8878074623978,21.08110048350542,360.0583196510659,2246772.878640517,866106.1433027637,5886727.6297670035,22,10,-21,15,-109,91,355,19,0,76,None
ERRE,PVT,47621,2023-09-23 13:43:28.600005,67.88780734611764,21.081100242740327,360.0394154208175,2246772.8868521005,866106.1356239881,5886727.6073710425,-2,5,-2,15,-112,96,222,18,0,76,None
ERRE,PVT,47622,2023-09-23 13:43:28.800005,67.88780722919606,21.081099822009616,360.01972006619826,2246772.8975680955,866106.1208048419,5886727.584215214,29,-6,2,15,-91,80,136,19,1,78,None
ERRE,PVT,47623,2023-09-23 13:43:29.000005,67.88780713837012,21.08109938329106,359.9998393110951,2246772.905974732,866106.1042852765,5886727.561983281,-14,-21,-15,15,-96,83,103,19,1,76,None
ERRE,PVT,47624,2023-09-23 13:43:29.200005,67.88780722745078,21.081098729208428,359.9983440601308,2246772.906747738,866106.0751228626,5886727.564338168,8,8,59,15,-90,103,119,17,1,75,None
ERRE,PVT,47625,2023-09-23 13:43:29.500005,67.88780725631658,21.08109805102929,359.98597315900383,2246772.909871104,866106.0457811614,5886727.55408913,11,8,23,15,-136,109,60,20,2,73,None
ERRE,PVT,47626,2023-09-23 13:43:29.700005,67.88780724054139,21.08109767968866,359.98545854781923,2246772.9168247427,866106.0317362365,5886727.552950029,-15,3,22,15,-146,115,116,20,2,73,None
ERRE,PVT,47627,2023-09-23 13:43:29.900005,67.88780716000683,21.08109736621481,359.9769227823094,2246772.926330511,866106.0212814946,5886727.541660739,13,15,-5,15,-135,145,7,18,0,74,None
ERRE,PVT,47628,2023-09-23 13:43:30.100005,67.8878070691249,21.0810969787907,359.9735883886758,2246772.9397787107,866106.0090157385,5886727.534755807,30,-10,28,15,-121,344,-135,16,1,74,None
ERRE,PVT,47629,2023-09-23 13:43:30.300005,67.88780705031888,21.08109675704802,359.96357871418013,2246772.9414282627,866105.9996641569,5886727.524692765,-24,28,45,15,-151,137,-135,19,1,75,None
ERRE,PVT,47630,2023-09-23 13:43:30.500004,67.88780700657708,21.081096580529742,359.9622848606637,2246772.9478597515,866105.9941929015,5886727.521657522,3,19,3,15,-153,111,-13,20,0,75,None
ERRE,PVT,47631,2023-09-23 13:43:30.700005,67.88780700449692,21.081096460731704,359.97141772826336,2246772.9530789573,866105.9908090491,5886727.530031317,-7,15,-52,15,-159,95,96,16,2,77,None
ERRE,PVT,47632,2023-09-23 13:43:30.900005,67.88780708201854,21.081096287134617,359.9986000066604,2246772.9577756417,866105.9848006187,5886727.558469139,-1,19,-24,15,-138,104,120,18,1,73,None
ERRE,PVT,47633,2023-09-23 13:43:31.100005,67.88780722448159,21.081096158374848,360.04604463327706,2246772.9626495773,866105.9808800248,5886727.608405629,-3,14,19,15,-120,100,251,19,0,74,None
ERRE,PVT,47634,2023-09-23 13:43:31.300004,67.88780733212238,21.081096139584346,360.0842286081814,2246772.965966148,866105.9813121868,5886727.648300547,10,-1,-12,15,-121,77,197,18,1,74,None
ERRE,PVT,47635,2023-09-23 13:43:31.500004,67.88780749317606,21.081096079061265,360.10650651609603,2246772.9591768105,866105.9759689656,5886727.675701918,-23,-21,-18,15,-161,15,105,19,2,76,None
ERRE,PVT,47636,2023-09-23 13:43:31.700004,67.887807726819,21.081096066688744,360.14152105949614,2246772.949133988,866105.971540301,5886727.717950875,-31,-12,56,15,-147,85,44,18,0,74,None
ERRE,PVT,47637,2023-09-23 13:43:31.900004,67.88780795657,21.081095930378606,360.17932674949884,2246772.942320248,866105.962774164,5886727.762622278,-17,-15,-28,15,-107,99,16,18,1,77,None
ERRE,PVT,47638,2023-09-23 13:43:32.100004,67.88780817589448,21.081095838334615,360.2261475460871,2246772.939009056,866105.9573520022,5886727.815207942,-5,-10,8,15,-142,95,145,19,1,74,None
ERRE,PVT,47639,2023-09-23 13:43:32.300004,67.88780824878553,21.081095773563924,360.26152984206396,2246772.9453872354,866105.9568933962,5886727.8510482395,3,-7,-8,15,-139,105,259,21,1,75,None
ERRE,PVT,47640,2023-09-23 13:43:32.500004,67.88780828660686,21.081095783366894,360.2724753022555,2246772.9454366583,866105.9573539818,5886727.862776619,5,19,22,15,-156,117,286,19,1,75,None
ERRE,PVT,47641,2023-09-23 13:43:32.700004,67.88780833196668,21.081095673999908,360.27970909725906,2246772.945256994,866105.9523587478,5886727.871382846,0,12,38,15,-146,70,194,21,2,76,None
ERRE,PVT,47642,2023-09-23 13:43:32.900004,67.88780835941297,21.081095549179423,360.2797564431489,2246772.944514077,866105.9464503484,5886727.872579074,25,4,43,15,-119,100,112,19,2,74,None
ERRE,PVT,47643,2023-09-23 13:43:33.100004,67.88780836123738,21.08109550308709,360.267098721618,2246772.940589166,866105.9428613038,5886727.860928946,-28,-8,41,15,-130,81,-15,20,1,76,None
ERRE,PVT,47644,2023-09-23 13:43:33.300004,67.88780835058849,21.081095551002285,360.2602608161128,2246772.9384899656,866105.9442102237,5886727.854146873,-29,9,-8,15,-123,107,54,18,2,73,None
ERRE,PVT,47645,2023-09-23 13:43:33.500004,67.88780837094154,21.081095526866548,360.2538298330295,2246772.9346336164,866105.9416365514,5886727.849043447,-28,-21,-40,15,-134,118,87,18,1,75,None
ERRE,PVT,47646,2023-09-23 13:43:33.700005,67.8878083089771,21.081095496838394,360.2385719806211,2246772.93570318,866105.9406963643,5886727.832306177,-5,-1,-58,15,-123,101,203,19,1,72,None
ERRE,PVT,47647,2023-09-23 13:43:33.900005,67.88780829260006,21.081095557253406,360.23185804721146,2246772.9340108824,866105.9427651423,5886727.8253984535,-5,-11,-35,15,-131,100,127,20,1,75,None
ERRE,PVT,47648,2023-09-23 13:43:34.100004,67.88780831669659,21.081095706298097,360.24311244646907,2246772.9333873275,866105.9492378595,5886727.836836798,-10,-10,-6,15,-134,98,102,19,1,76,None
ERRE,PVT,47649,2023-09-23 13:43:34.300004,67.8878083241022,21.081095905536532,360.2575674291764,2246772.9347385075,866105.9587325806,5886727.850539529,-21,-10,43,15,-112,88,99,19,2,75,None
ERRE,PVT,47650,2023-09-23 13:43:34.500004,67.88780828297183,21.081096206560083,360.2634858124399,2246772.9362326264,866105.9728668854,5886727.854295699,-22,-18,-57,15,-118,118,156,16,0,75,None
ERRE,PVT,47651,2023-09-23 13:43:34.700004,67.88780817188419,21.081096577222628,360.2802547409878,2246772.947230384,866105.9938013324,5886727.865167098,10,5,16,15,-109,106,168,19,0,77,None
ERRE,PVT,47652,2023-09-23 13:43:34.900004,67.88780809781998,21.08109682606495,360.28625836719556,2246772.9527187306,866106.0071250837,5886727.867619473,-4,9,0,15,-138,83,180,19,0,75,None
ERRE,PVT,47653,2023-09-23 13:43:35.100004,67.88780809105333,21.081096992607627,360.30753867758233,2246772.9583278964,866106.0167885686,5886727.88705048,15,14,82,15,-168,112,-27,19,1,74,None
ERRE,PVT,47654,2023-09-23 13:43:35.300004,67.88780811026763,21.08109720577469,360.3244197030002,2246772.959182021,866106.0267190373,5886727.9034966165,-21,4,-24,15,-150,115,-84,19,1,75,None
ERRE,PVT,47655,2023-09-23 13:43:35.500004,67.88780812758024,21.0810973726971,360.3404354972875,2246772.960614668,866106.0347896243,5886727.919061317,-8,3,-7,15,-165,71,19,18,0,77,None
ERRE,PVT,47656,2023-09-23 13:43:35.700004,67.88780819576091,21.081097633496938,360.3816955564699,2246772.964590007,866106.0480687042,5886727.960149288,-13,7,34,15,-157,106,-165,20,1,75,None
ERRE,PVT,47657,2023-09-23 13:43:36.000004,67.88780826649126,21.08109778933366,360.4120835649013,2246772.966087597,866106.0556650178,5886727.991271914,-18,-5,21,15,-130,134,-427,18,1,76,None
ERRE,PVT,47658,2023-09-23 13:43:36.200004,67.88780841727772,21.081097961732603,360.4432562371825,2246772.9598913747,866106.0610414277,5886728.026482746,-34,0,-17,15,-113,120,-161,19,0,76,None
ERRE,PVT,47659,2023-09-23 13:43:36.400004,67.88780850063486,21.081098193489005,360.47744725422075,2246772.960359577,866106.0716604062,5886728.061658815,10,-11,27,15,-131,103,391,19,0,75,None
ERRE,PVT,47660,2023-09-23 13:43:36.600004,67.88780852885502,21.081098376640846,360.4935425104789,2246772.9605230903,866106.0799727426,5886728.077755099,5,-29,-19,15,-146,79,744,19,1,74,None
ERRE,PVT,47661,2023-09-23 13:43:36.800004,67.8878085519697,21.081098697088873,360.5288705873566,2246772.9658585642,866106.0964627415,5886728.111455243,28,-7,89,15,-91,123,255,18,1,78,None
ERRE,PVT,47662,2023-09-23 13:43:37.100003,67.88780870507264,21.08109918643447,360.56775316679705,2246772.9573558336,866106.1152255462,5886728.153906167,34,22,53,15,-141,94,298,20,1,76,None
ERRE,PVT,47663,2023-09-23 13:43:37.300003,67.88780880664149,21.0810994167996,360.59272898127455,2246772.9528524424,866106.1238653664,5886728.181309466,10,-7,0,15,-200,46,239,17,1,76,None
ERRE,PVT,47664,2023-09-23 13:43:37.600004,67.88780892420957,21.081099841303168,360.6162203282313,2246772.9433503384,866106.1393223874,5886728.20800923,-12,-9,27,15,-168,75,20,18,1,77,None
ERRE,PVT,47665,2023-09-23 13:43:37.800003,67.88780901101757,21.081100103282388,360.62168181257897,2246772.9329383187,866106.1471084204,5886728.216713754,8,-5,13,15,-168,94,-94,19,1,73,None
ERRE,PVT,47666,2023-09-23 13:43:38.000003,67.88780926924483,21.081100224483603,360.64583494953183,2246772.914691074,866106.1455333077,5886728.249932379,0,-14,4,15,-176,54,-144,20,1,75,None
ERRE,PVT,47667,2023-09-23 13:43:38.200003,67.88780952097306,21.08110036328647,360.6737382397692,2246772.8981215567,866106.1453977328,5886728.28635246,-13,-1,14,15,-179,62,7,18,1,74,None
ERRE,PVT,47668,2023-09-23 13:43:38.400003,67.88780964065914,21.08110036995131,360.6776190769657,2246772.8878436857,866106.1417359167,5886728.294973022,16,5,-14,15,-164,77,93,17,1,75,None
ERRE,PVT,47669,2023-09-23 13:43:38.600003,67.88780969407749,21.08110047239637,360.6800757398943,2246772.882007314,866106.1441002664,5886728.299491828,0,14,53,15,-183,202,70,18,1,77,None
ERRE,PVT,47670,2023-09-23 13:43:38.800004,67.88780967076096,21.08110045659941,360.65965765279793,2246772.877322887,866106.1415829639,5886728.279596548,3,-22,4,15,-125,288,-105,19,1,77,None
ERRE,PVT,47671,2023-09-23 13:43:39.000003,67.88780969370458,21.08110051712503,360.64377528543946,2246772.8686173847,866106.1409532108,5886728.265845667,-49,4,35,15,-139,157,-160,18,0,74,None
ERRE,PVT,47672,2023-09-23 13:43:39.200004,67.88780970859874,21.081100343707433,360.61447468981333,2246772.8595115347,866106.1296321404,5886728.239325521,-38,-20,-18,15,-120,172,-189,19,0,75,None
ERRE,PVT,47673,2023-09-23 13:43:39.400004,67.88780977722735,21.081100210771833,360.597855949543,2246772.8490668703,866106.119618313,5886728.22681057,-39,21,9,15,-101,136,-131,20,2,73,None
ERRE,PVT,47674,2023-09-23 13:43:39.600004,67.88780985828032,21.081100130845293,360.6034050716041,2246772.8444089186,866106.1142227696,5886728.235354654,-42,8,62,15,-119,158,-4,19,0,74,None
ERRE,PVT,47675,2023-09-23 13:43:39.800003,67.88780996701315,21.081100143720356,360.6221947048445,2246772.840329679,866106.1132301709,5886728.257327563,-4,3,39,15,-132,138,119,20,1,74,None
ERRE,PVT,47676,2023-09-23 13:43:40.000003,67.88781004533703,21.08110012903082,360.6426875357376,2246772.840197373,866106.1125175401,5886728.279601639,-6,4,8,15,-140,116,283,19,1,75,None
ERRE,PVT,47677,2023-09-23 13:43:40.200004,67.88781009942377,21.0811000443877,360.666630818845,2246772.844671365,866106.1104298215,5886728.3040547585,34,13,7,15,-142,155,354,18,1,75,None
ERRE,PVT,47678,2023-09-23 13:43:40.400004,67.88781015825894,21.081100026087412,360.6844638806611,2246772.845538563,866106.1099398574,5886728.323046439,3,13,14,15,-153,131,377,19,2,74,None
ERRE,PVT,47679,2023-09-23 13:43:40.600004,67.88781011241205,21.081099959878415,360.6925327962532,2246772.8537940145,866106.110140137,5886728.328596937,19,-8,15,15,-123,110,274,19,1,74,None
ERRE,PVT,47680,2023-09-23 13:43:40.900003,67.88781002156524,21.08109987069122,360.7148546283184,2246772.8717417526,866106.1130417299,5886728.345462653,-5,-3,35,15,-124,76,71,17,1,76,None
ERRE,PVT,47681,2023-09-23 13:43:41.100003,67.88780986587577,21.081099817133076,360.7263057530276,2246772.8915849654,866106.1182787683,5886728.349534718,23,7,24,15,-146,74,-52,19,0,76,None
ERRE,PVT,47682,2023-09-23 13:43:41.300003,67.88780975290028,21.081099659975546,360.72246119996606,2246772.90350345,866106.1157947127,5886728.3412295235,0,-11,47,15,-129,55,-161,19,1,75,None
ERRE,PVT,47683,2023-09-23 13:43:41.500003,67.88780963140927,21.081099435452277,360.7075094442802,2246772.913360172,866106.1094816644,5886728.322276543,-28,-29,-24,15,-136,48,-157,20,0,75,None
ERRE,PVT,47684,2023-09-23 13:43:41.700003,67.88780947765474,21.081099273772185,360.6997648949846,2246772.927909165,866106.107807941,5886728.308646044,4,-9,32,15,-156,47,-57,19,3,75,None
ERRE,PVT,47685,2023-09-23 13:43:41.900003,67.88780929558672,21.081099037441923,360.6819911244158,2246772.9427940524,866106.1029013983,5886728.2845352115,25,-22,17,15,-125,60,50,18,1,74,None
ERRE,PVT,47686,2023-09-23 13:43:42.100003,67.88780910318035,21.081098862864483,360.6658609101869,2246772.958319552,866106.1010232003,5886728.261512982,16,-21,-40,15,-146,52,193,19,1,75,None
ERRE,PVT,47687,2023-09-23 13:43:42.300003,67.88780892207606,21.081098761638714,360.6550667485806,2246772.97352066,866106.1023237704,5886728.243908862,37,8,24,15,-149,67,313,19,0,77,None
ERRE,PVT,47688,2023-09-23 13:43:42.500003,67.88780872221847,21.08109870492665,360.62553492057555,2246772.983275882,866106.1035299443,5886728.208157877,26,11,-12,15,-131,62,314,21,1,74,None
ERRE,PVT,47689,2023-09-23 13:43:42.700003,67.88780846434659,21.081098673513015,360.5939376070583,2246772.997516987,866106.1076048375,5886728.1680575255,40,4,-32,15,-140,77,274,19,2,75,None
ERRE,PVT,47690,2023-09-23 13:43:42.900003,67.88780825417712,21.08109877340612,360.5679055117331,2246773.0071283826,866106.1158091886,5886728.1351159075,1,-5,8,15,-121,82,218,17,2,76,None
ERRE,PVT,47691,2023-09-23 13:43:43.100003,67.88780807926275,21.081098934480398,360.54631662033137,2246773.013976206,866106.125703862,5886728.107770917,-33,-10,-29,15,-123,109,77,18,0,76,None
ERRE,PVT,47692,2023-09-23 13:43:43.300003,67.88780797134814,21.081099077498227,360.545339005583,2246773.0218760977,866106.1351908193,5886728.1023342805,2,16,54,15,-119,118,-21,19,1,74,None
ERRE,PVT,47693,2023-09-23 13:43:43.500003,67.88780787511591,21.08109937066428,360.54851090902406,2246773.027837296,866106.1506932267,5886728.101232458,-26,18,18,15,-111,126,-84,20,3,74,None
ERRE,PVT,47694,2023-09-23 13:43:43.700003,67.88780776695903,21.081099657206522,360.53697250648855,2246773.0298817265,866106.1643874221,5886728.0860016225,-21,0,-9,15,-143,166,-110,21,2,76,None
ERRE,PVT,47695,2023-09-23 13:43:43.900003,67.88780772429169,21.08109996703471,360.5506983115338,2246773.0341331335,866106.1799812,5886728.096926436,-2,13,85,15,-149,157,-58,19,1,76,None
ERRE,PVT,47696,2023-09-23 13:43:44.100003,67.88780767737398,21.081100294671053,360.5603476932745,2246773.037093411,866106.1958793554,5886728.103896194,-27,2,30,15,-139,156,44,20,2,76,None
ERRE,PVT,47697,2023-09-23 13:43:44.300003,67.88780748553276,21.08110063660497,360.55772365909553,2246773.049500379,866106.2160630797,5886728.093410471,-12,-1,9,15,-137,140,138,18,1,72,None
ERRE,PVT,47698,2023-09-23 13:43:44.500003,67.88780734145863,21.081100933303546,360.5623017260256,2246773.060514998,866106.2336726338,5886728.091602687,7,22,-39,15,-145,162,210,18,1,75,None
ERRE,PVT,47699,2023-09-23 13:43:44.700003,67.8878071847698,21.08110111591673,360.5809999156045,2246773.079429882,866106.249189156,5886728.102346826,25,-16,-55,15,-156,136,294,20,0,73,None
ERRE,PVT,47700,2023-09-23 13:43:44.900003,67.88780700281171,21.08110135399484,360.5917859112443,2246773.097163821,866106.2667486215,5886728.104699763,5,6,8,15,-134,107,296,19,1,74,None
ERRE,PVT,47701,2023-09-23 13:43:45.100003,67.8878067668211,21.081101447395323,360.5876651908473,2246773.1170589426,866106.2786248036,5886728.090973772,22,2,13,15,-142,72,208,19,0,76,None
ERRE,PVT,47702,2023-09-23 13:43:45.300003,67.8878066071738,21.081101507084455,360.5895926075115,2246773.1322268792,866106.2871603221,5886728.086056439,6,0,10,15,-146,99,114,18,0,74,None
ERRE,PVT,47703,2023-09-23 13:43:45.500003,67.88780643309374,21.081101536583105,360.59001349841895,2246773.1487136693,866106.2948444408,5886728.079137407,-8,-16,-13,15,-123,90,28,17,3,76,None
ERRE,PVT,47704,2023-09-23 13:43:45.700003,67.88780631318137,21.08110170799519,360.5883671060427,2246773.157106277,866106.3058002357,5886728.072577442,2,4,19,15,-126,38,-41,21,2,78,None
ERRE,PVT,47705,2023-09-23 13:43:45.900003,67.88780632531429,21.08110171593244,360.59686027972486,2246773.158799476,866106.3068104453,5886728.080955345,3,-2,12,15,-144,50,-76,20,2,75,None
ERRE,PVT,47706,2023-09-23 13:43:46.100003,67.88780636386588,21.081101843500196,360.60523057825895,2246773.1560938363,866106.3115132042,5886728.090328631,4,-8,61,15,-138,4,-9,19,1,77,None
ERRE,PVT,47707,2023-09-23 13:43:46.300003,67.88780640798684,21.08110185585818,360.6095959919606,2246773.1531861243,866106.3109489268,5886728.096225436,0,-20,-13,15,-88,-67,68,18,0,73,None
ERRE,PVT,47708,2023-09-23 13:43:46.500003,67.88780639646251,21.08110204075235,360.6134000871013,2246773.1528384765,866106.3191426932,5886728.099265871,3,-1,-44,15,-142,88,232,19,1,76,None
ERRE,PVT,47709,2023-09-23 13:43:46.700003,67.88780644033072,21.081102111809884,360.63476748195484,2246773.155039383,866106.3231916066,5886728.120903525,28,5,21,15,-154,45,334,19,2,77,None
ERRE,PVT,47710,2023-09-23 13:43:46.900003,67.88780647857126,21.081102335113364,360.6446973588853,2246773.151464323,866106.3318712271,5886728.131708619,9,11,5,15,-137,89,311,19,0,77,None
ERRE,PVT,47711,2023-09-23 13:43:47.100003,67.88780650645512,21.0811026757264,360.63956134932266,2246773.141822992,866106.3434960828,5886728.128121109,-26,-17,-34,15,-120,87,223,19,2,76,None
ERRE,PVT,47712,2023-09-23 13:43:47.300003,67.88780653803973,21.08110305689265,360.64932812716677,2246773.136446095,866106.3585913802,5886728.138495645,-11,3,33,15,-141,109,251,18,1,74,None
ERRE,PVT,47713,2023-09-23 13:43:47.500003,67.88780654838938,21.081103425944015,360.6655005791202,2246773.135549672,866106.3748681868,5886728.153913132,0,13,-55,15,-143,104,273,20,0,74,None
ERRE,PVT,47714,2023-09-23 13:43:47.700003,67.88780654565059,21.081103695308997,360.68936692941185,2246773.1401244546,866106.3887641291,5886728.175909086,28,8,-21,15,-151,55,270,18,1,74,None
ERRE,PVT,47715,2023-09-23 13:43:47.900003,67.88780655824219,21.081103883034697,360.7202032296711,2246773.1469032136,866106.3998325819,5886728.205006004,22,6,28,15,-140,90,75,20,1,76,None
ERRE,PVT,47716,2023-09-23 13:43:48.100003,67.88780653593908,21.08110409613404,360.74027660559784,2246773.1528827325,866106.4117357853,5886728.222666532,-8,12,11,15,-134,49,-110,18,1,77,None
ERRE,PVT,47717,2023-09-23 13:43:48.300003,67.88780646592494,21.081104305694204,360.76299466822906,2246773.1644449555,866106.4256316528,5886728.240774019,6,1,67,15,-94,90,-150,18,1,73,None
ERRE,PVT,47718,2023-09-23 13:43:48.500003,67.88780645020127,21.081104487722346,360.78413633351425,2246773.1706349803,866106.4362165325,5886728.259700506,0,19,46,15,-124,85,6,19,2,77,None
ERRE,PVT,47719,2023-09-23 13:43:48.700003,67.88780638349611,21.081104485688325,360.79551647247627,2246773.181094495,866106.4401569468,5886728.267442919,44,-8,-8,15,-148,47,250,17,2,75,None
ERRE,PVT,47720,2023-09-23 13:43:48.900003,67.88780627233936,21.08110442598086,360.79763260265474,2246773.1934580826,866106.4422337025,5886728.264736353,-9,-7,12,15,-132,67,198,19,2,74,None
ERRE,PVT,47721,2023-09-23 13:43:49.100003,67.88780613734892,21.081104310642907,360.8091138147783,2246773.212249944,866106.4442828454,5886728.269705365,31,-3,14,15,-153,124,161,21,2,76,None
ERRE,PVT,47722,2023-09-23 13:43:49.400004,67.88780592778139,21.08110422673273,360.81122611243075,2246773.234466853,866106.4490678387,5886728.262863351,-6,10,7,15,-155,104,-89,18,0,75,None
ERRE,PVT,47723,2023-09-23 13:43:49.600004,67.88780585883838,21.0811040191012,360.8265636048848,2246773.2496399726,866106.4455650195,5886728.274178092,-19,-13,-47,15,-126,110,17,18,1,75,None
ERRE,PVT,47724,2023-09-23 13:43:49.800004,67.887805780449,21.081103890852553,360.8405819539701,2246773.264060612,866106.445347596,5886728.283874097,-5,3,-80,15,-150,110,226,17,1,74,None
ERRE,PVT,47725,2023-09-23 13:43:50.000004,67.88780575650391,21.081103571683272,360.8539736976325,2246773.2758976608,866106.4355350086,5886728.2952754935,20,-43,-60,15,-144,102,211,18,0,74,None
ERRE,PVT,47726,2023-09-23 13:43:50.200004,67.88780571095457,21.081103444778485,360.8539658967774,2246773.282205154,866106.4322505846,5886728.293355823,-7,-8,-40,15,-113,121,201,20,0,74,None
ERRE,PVT,47727,2023-09-23 13:43:50.400004,67.88780563387975,21.081103346834045,360.8531178772778,2246773.2908194605,866106.4311598092,5886728.289334095,-3,-25,3,15,-78,110,126,17,0,77,None
ERRE,PVT,47728,2023-09-23 13:43:50.600003,67.887805494033,21.081103344798578,360.85535822873186,2246773.3051211876,866106.4365812887,5886728.285538028,12,-9,15,15,-89,77,154,19,0,75,None
ERRE,PVT,47729,2023-09-23 13:43:50.800004,67.88780527272273,21.081103534008825,360.84792342554937,2246773.3209885256,866106.4512201546,5886728.269358082,25,11,-19,15,-153,65,351,16,0,76,None
ERRE,PVT,47730,2023-09-23 13:43:51.000003,67.88780509805484,21.081103683301365,360.86528616702986,2246773.3416715967,866106.4659175072,5886728.278110123,18,2,-17,15,-148,83,284,21,1,76,None
ERRE,PVT,47731,2023-09-23 13:43:51.200004,67.88780501787934,21.081103787273076,360.872743882316,2246773.350449836,866106.4739843914,5886728.281653045,-6,-3,7,15,-133,94,-39,19,1,76,None
ERRE,PVT,47732,2023-09-23 13:43:51.400004,67.88780505156242,21.0811038796996,360.89157722000465,2246773.3524197447,866106.4789067345,5886728.300515388,-14,1,12,15,-109,86,-243,18,2,76,None
ERRE,PVT,47733,2023-09-23 13:43:51.600004,67.887805203667,21.081103929716885,360.91854115202773,2246773.346468173,866106.4788652876,5886728.331882382,-33,-1,-42,15,-168,80,-148,17,2,75,None
ERRE,PVT,47734,2023-09-23 13:43:51.800003,67.88780537392147,21.08110398365488,360.9438845049899,2246773.338138122,866106.4780835549,5886728.362510037,6,-14,-53,15,-157,121,17,19,1,76,None
ERRE,PVT,47735,2023-09-23 13:43:52.000004,67.88780564423939,21.081103949293468,360.97414264549036,2246773.323220892,866106.4707854606,5886728.4018922765,-17,19,55,15,-151,104,36,19,2,74,None
ERRE,PVT,47736,2023-09-23 13:43:52.200004,67.88780583741764,21.08110392709802,361.0051512398351,2246773.3158211745,866106.4669332501,5886728.438730969,-9,1,-33,15,-193,113,116,18,0,74,None
ERRE,PVT,47737,2023-09-23 13:43:52.400004,67.8878059553062,21.081103944838564,361.0313421267742,2246773.3133851187,866106.4667932255,5886728.467945174,43,19,12,15,-195,85,204,18,2,74,None
ERRE,PVT,47738,2023-09-23 13:43:52.600004,67.88780604337308,21.081104014890904,361.0392475564571,2246773.306611346,866106.467337224,5886728.478966745,1,3,-59,15,-167,101,135,20,0,74,None
ERRE,PVT,47739,2023-09-23 13:43:52.800004,67.88780613307635,21.081104153387397,361.0448411154204,2246773.297833162,866106.4701913233,5886728.487915192,-4,-8,-37,15,-103,93,-120,19,1,74,None
ERRE,PVT,47740,2023-09-23 13:43:53.000003,67.88780624564775,21.081104136989374,361.0546110636181,2246773.2906583436,866106.4666869296,5886728.501692994,14,-4,-15,15,-144,97,276,19,2,74,None
ERRE,PVT,47741,2023-09-23 13:43:53.200004,67.88780629653522,21.081104071743937,361.0624832467728,2246773.289502963,866106.4633028363,5886728.51112274,18,5,-8,15,-186,91,399,18,0,74,None
ERRE,PVT,47742,2023-09-23 13:43:53.400003,67.88780627883723,21.08110399695163,361.05716563451966,2246773.290472304,866106.460307801,5886728.505453173,2,-15,-25,15,-100,76,72,18,0,74,None
ERRE,PVT,47743,2023-09-23 13:43:53.600003,67.88780627622036,21.081103925862845,361.0554863907052,2246773.2912094337,866106.4573900606,5886728.503787568,18,0,-8,15,-152,84,50,21,2,73,None
ERRE,PVT,47744,2023-09-23 13:43:53.800004,67.8878062403985,21.081103902617535,361.0363402569468,2246773.2882901127,866106.4552177071,5886728.484545635,16,16,5,15,-155,96,210,21,0,75,None
ERRE,PVT,47745,2023-09-23 13:43:54.000004,67.88780623215015,21.081103900058626,361.0129575871998,2246773.2809114465,866106.4522580568,5886728.462536478,5,11,54,15,-151,73,106,19,1,74,None
ERRE,PVT,47746,2023-09-23 13:43:54.200004,67.88780621349856,21.081103908293027,360.9821064550861,2246773.271749572,866106.4490971388,5886728.433171382,-18,-5,-61,15,-124,72,19,20,1,75,None
ERRE,PVT,47747,2023-09-23 13:43:54.400004,67.88780619500584,21.081103915212353,360.95867315976506,2246773.265197616,866106.4468830837,5886728.410685199,16,1,-29,15,-150,103,117,19,1,74,None
ERRE,PVT,47748,2023-09-23 13:43:54.600004,67.88780616290455,21.081103869847954,360.9462129120551,2246773.264602188,866106.4446103037,5886728.397793611,-1,-8,-57,15,-139,102,104,19,0,74,None
ERRE,PVT,47749,2023-09-23 13:43:54.800004,67.88780618637385,21.081103820276567,360.93821035697795,2246773.260277885,866106.4407105976,5886728.391365042,-14,-1,-13,15,-151,83,276,19,1,74,None
ERRE,PVT,47750,2023-09-23 13:43:55.000004,67.88780611199805,21.081103786418257,360.9307749831907,2246773.2653495343,866106.4411406572,5886728.381353791,11,-25,-47,15,-141,75,123,18,2,76,None
ERRE,PVT,47751,2023-09-23 13:43:55.200004,67.88780601671368,21.081103905411812,360.92200724588383,2246773.2696586605,866106.448161343,5886728.369230302,-4,-8,-16,15,-96,87,-91,18,0,74,None
ERRE,PVT,47752,2023-09-23 13:43:55.400005,67.88780595355843,21.081103978304707,360.89524850654044,2246773.2652478083,866106.4497441623,5886728.341788057,11,4,19,15,-137,85,71,20,2,77,None
ERRE,PVT,47753,2023-09-23 13:43:55.600005,67.88780581450347,21.081104072497222,360.8682164180736,2246773.2677372596,866106.4549463248,5886728.310905824,24,29,-14,15,-143,93,107,18,0,74,None
ERRE,PVT,47754,2023-09-23 13:43:55.800005,67.88780571992946,21.08110401178496,360.8345051486215,2246773.2659335206,866106.4515164742,5886728.2757032635,-7,13,8,15,-132,139,21,18,0,73,None
ERRE,PVT,47755,2023-09-23 13:43:56.000005,67.8878056863017,21.08110392182866,360.8163649240281,2246773.2641643775,866106.4467827851,5886728.257485376,-19,-4,4,15,-111,79,166,20,2,76,None
ERRE,PVT,47756,2023-09-23 13:43:56.200005,67.88780559018056,21.08110383626347,360.7905081485221,2246773.2656442244,866106.4434993251,5886728.229494639,-2,2,-14,15,-111,67,201,18,1,75,None
ERRE,PVT,47757,2023-09-23 13:43:56.400005,67.88780542940474,21.081103910028173,360.751855097939,2246773.2664551907,866106.4471343651,5886728.186934207,15,18,54,15,-140,120,133,18,0,74,None
ERRE,PVT,47758,2023-09-23 13:43:56.600005,67.8878052425849,21.081104011669,360.71009272425283,2246773.2682638643,866106.4524095734,5886728.140399657,-9,-4,-5,15,-86,95,-120,19,1,73,None
ERRE,PVT,47759,2023-09-23 13:43:56.800006,67.88780493639334,21.081104247102278,360.6437352962347,2246773.270921466,866106.4640381531,5886728.0660670865,10,15,-15,15,-130,129,215,17,0,75,None
ERRE,PVT,47760,2023-09-23 13:43:57.100006,67.88780488220765,21.081104269730606,360.62556098086924,2246773.269420677,866106.4644788132,5886728.046954465,-14,-27,11,15,-111,101,238,19,1,78,None
ERRE,PVT,47761,2023-09-23 13:43:57.300006,67.88780489876908,21.081104249957985,360.61394526586963,2246773.2640429395,866106.4615151798,5886728.036888455,-4,-7,-46,15,-132,125,119,19,0,74,None
ERRE,PVT,47762,2023-09-23 13:43:57.500006,67.88780496026031,21.081104172255028,360.632692759053,2246773.26587317,866106.4587209102,5886728.056838829,-1,4,57,15,-120,118,3,19,1,77,None
ERRE,PVT,47763,2023-09-23 13:43:57.700006,67.88780506495789,21.08110414380294,360.6469999730708,2246773.2612333796,866106.455650817,5886728.074489582,-31,-12,11,15,-120,113,14,19,1,75,None
ERRE,PVT,47764,2023-09-23 13:43:57.900006,67.88780515859496,21.081104011434388,360.67058915666445,2246773.2624909803,866106.4501736226,5886728.100275214,-2,-11,-59,15,-133,82,151,19,3,77,None
ERRE,PVT,47765,2023-09-23 13:43:58.100005,67.88780528149206,21.081103887060426,360.70170278328413,2246773.263449267,866106.4449411288,5886728.134260373,0,-4,23,15,-164,90,144,17,1,76,None
ERRE,PVT,47766,2023-09-23 13:43:58.300005,67.88780539939029,21.081103865874674,360.7284639006106,2246773.2618009876,866106.443351512,5886728.1640032735,-16,-12,20,15,-131,82,73,20,1,75,None
ERRE,PVT,47767,2023-09-23 13:43:58.500005,67.88780549815932,21.081103834001024,360.75059960920015,2246773.260534139,866106.441427541,5886728.188657806,3,-2,5,15,-133,87,23,19,0,75,None
ERRE,PVT,47768,2023-09-23 13:43:58.700005,67.887805612979,21.081103796574247,360.7604311951402,2246773.2534820684,866106.4370233131,5886728.20258711,1,-5,30,15,-120,77,-112,19,0,75,None
ERRE,PVT,47769,2023-09-23 13:43:58.900005,67.88780573614358,21.08110371821254,360.7613070178838,2246773.243098648,866106.4294911444,5886728.208569731,10,0,-16,15,-135,76,89,21,1,75,None
ERRE,PVT,47770,2023-09-23 13:43:59.100006,67.88780587026052,21.081103533143295,360.7599176715645,2246773.2324766405,866106.4170608104,5886728.212913637,1,13,-84,15,-145,100,380,18,1,74,None
ERRE,PVT,47771,2023-09-23 13:43:59.300006,67.88780604793054,21.081103328583662,360.7794844282121,2246773.225310228,866106.4050847074,5886728.238500925,18,-8,-42,15,-134,79,323,19,1,77,None
ERRE,PVT,47772,2023-09-23 13:43:59.500005,67.88780623754964,21.081103205677223,360.8021621424994,2246773.2168500344,866106.3962875915,5886728.267472049,-25,-19,-49,15,-127,58,224,19,1,74,None
ERRE,PVT,47773,2023-09-23 13:43:59.700006,67.8878063995199,21.081103053546865,360.82576541942854,2246773.211822598,866106.387497497,5886728.296139792,19,-5,-5,15,-129,93,116,19,1,75,None
ERRE,PVT,47774,2023-09-23 13:43:59.900006,67.88780654261076,21.081102933809635,360.8367551020325,2246773.2036956022,866106.3789715689,5886728.312329013,-33,-6,-55,15,-150,100,-2,19,1,76,None
ERRE,PVT,47775,2023-09-23 13:44:00.100006,67.8878066631032,21.08110287655091,360.84615982122773,2246773.196246417,866106.3735210111,5886728.326101025,0,-11,55,15,-145,75,-45,18,0,74,None
ERRE,PVT,47776,2023-09-23 13:44:00.300006,67.88780677781654,21.081102913022086,360.85009303203174,2246773.1860158527,866106.371219932,5886728.334561321,3,-1,46,15,-193,95,-27,18,1,75,None
ERRE,PVT,47777,2023-09-23 13:44:00.500006,67.88780692551748,21.0811030089999,360.8477352454935,2246773.1694955025,866106.369174436,5886728.338578358,-27,4,-19,15,-126,97,25,18,1,77,None
ERRE,PVT,47778,2023-09-23 13:44:00.700006,67.88780696550066,21.08110326026091,360.8391161070616,2246773.158814858,866106.3763741613,5886728.332271913,-19,-12,-33,15,-158,97,100,18,1,75,None
ERRE,PVT,47779,2023-09-23 13:44:00.900005,67.88780700176164,21.081103542676164,360.8204371146227,2246773.144488863,866106.3835718561,5886728.3164892495,-9,26,0,15,-171,114,164,19,1,74,None
ERRE,PVT,47780,2023-09-23 13:44:01.100005,67.88780707198305,21.08110381582139,360.81694616455195,2246773.1323629897,866106.3912001438,5886728.316203396,-18,3,-13,15,-145,124,320,18,1,74,None
ERRE,PVT,47781,2023-09-23 13:44:01.300006,67.88780707081685,21.081104095210492,360.810765488285,2246773.126081245,866106.4013625084,5886728.310428352,-23,-20,-76,15,-150,103,362,18,1,76,None
ERRE,PVT,47782,2023-09-23 13:44:01.500005,67.88780703565658,21.081104458923644,360.8236006440739,2246773.1284814468,866106.4186696907,5886728.320843218,14,6,-30,15,-177,114,326,17,1,78,None
ERRE,PVT,47783,2023-09-23 13:44:01.700005,67.88780705578294,21.08110466111968,360.83599539885233,2246773.1278377674,866106.4275286302,5886728.333171349,-28,18,-29,15,-140,105,225,19,1,73,None
ERRE,PVT,47784,2023-09-23 13:44:01.900005,67.88780708924146,21.08110485653718,360.8525723010883,2246773.127479949,866106.4361924555,5886728.349933794,-29,9,-36,15,-129,129,26,19,1,73,None
ERRE,PVT,47785,2023-09-23 13:44:02.100005,67.88780715199209,21.081105092061076,360.858125000209,2246773.1198194968,866106.4438476195,5886728.357712746,1,13,43,15,-143,59,-102,18,0,74,None
ERRE,PVT,47786,2023-09-23 13:44:02.300005,67.88780724511793,21.081105241781476,360.8591340134197,2246773.108931424,866106.4463939129,5886728.362557546,23,21,49,15,-143,72,43,19,2,76,None
ERRE,PVT,47787,2023-09-23 13:44:02.500005,67.88780731373632,21.081105288814765,360.85487900841247,2246773.100109756,866106.4451116733,5886728.361496531,-8,-11,35,15,-120,94,-49,19,0,74,None
ERRE,PVT,47788,2023-09-23 13:44:02.700005,67.88780734569862,21.08110535955672,360.85182182726516,2246773.0948848044,866106.4462837859,5886728.360006186,-2,-3,-30,15,-125,62,-135,20,1,75,None
ERRE,PVT,47789,2023-09-23 13:44:02.900005,67.88780744807825,21.081105372758543,360.857653518768,2246773.086862007,866106.4437857058,5886728.369707481,-7,-6,76,15,-133,102,-43,19,1,74,None
ERRE,PVT,47790,2023-09-23 13:44:03.100005,67.8878075162144,21.081105422970317,360.8592007691529,2246773.080076707,866106.4434316254,5886728.37400171,-25,4,-18,15,-120,84,26,20,1,76,None
ERRE,PVT,47791,2023-09-23 13:44:03.300005,67.88780747179331,21.081105539931585,360.8583849232923,2246773.082305224,866106.4495587231,5886728.371380797,-28,3,-5,15,-105,100,62,20,2,76,None
ERRE,PVT,47792,2023-09-23 13:44:03.500005,67.88780730862966,21.081105682107967,360.8291791445327,2246773.08563044,866106.4572442953,5886728.337472519,-24,-14,-56,15,-86,113,-35,22,1,75,None
ERRE,PVT,47793,2023-09-23 13:44:03.700005,67.88780726575497,21.08110586198136,360.81207894052864,2246773.0810393197,866106.4635761098,5886728.319829914,-34,-13,1,15,-97,175,158,21,1,74,None
ERRE,PVT,47794,2023-09-23 13:44:03.900005,67.88780715628377,21.081105992553663,360.7993684203834,2246773.0851564975,866106.4710443177,5886728.303457989,12,-9,3,15,-148,326,180,20,2,75,None
ERRE,PVT,47795,2023-09-23 13:44:04.100005,67.88780706145326,21.081106197355002,360.78427591186505,2246773.085903319,866106.480556625,5886728.285493981,-21,15,-24,15,-175,187,220,19,1,74,None
ERRE,PVT,47796,2023-09-23 13:44:04.300005,67.88780705723649,21.081106401795257,360.8010900792864,2246773.0891251117,866106.4910067433,5886728.300894395,-8,1,34,15,-121,124,192,17,0,74,None
ERRE,PVT,47797,2023-09-23 13:44:04.500005,67.88780704699734,21.081106641879764,360.80638100802366,2246773.0883414843,866106.5015182616,5886728.3053662665,-27,24,58,15,-165,129,53,19,1,75,None
ERRE,PVT,47798,2023-09-23 13:44:04.700005,67.887807093787,21.081106812013648,360.8246855711575,2246773.087687273,866106.5089290364,5886728.324289024,-62,10,-16,15,-136,123,-88,19,1,74,None
ERRE,PVT,47799,2023-09-23 13:44:04.900005,67.88780708155183,21.081106873080326,360.8516612789596,2246773.0974185187,866106.5154308173,5886728.348766918,-6,-9,60,15,-140,64,-32,17,1,75,None
ERRE,PVT,47800,2023-09-23 13:44:05.100004,67.88780704259057,21.081106998694047,360.88080713683223,2246773.109513204,866106.525750929,5886728.374133222,5,-8,-30,15,-137,73,34,20,2,76,None
ERRE,PVT,47801,2023-09-23 13:44:05.300004,67.88780697492757,21.081107040155263,360.9047149608534,2246773.12380766,866106.5331287322,5886728.393441676,7,-4,-9,15,-123,57,-11,19,3,74,None
ERRE,PVT,47802,2023-09-23 13:44:05.500004,67.88780694829103,21.081107105699587,360.9344325520728,2246773.1358228307,866106.5407126183,5886728.419855129,-10,-17,5,15,-120,47,-68,17,0,76,None
ERRE,PVT,47803,2023-09-23 13:44:05.700004,67.88780692275766,21.081107230086765,360.9675853002421,2246773.1480486677,866106.5510280431,5886728.449497393,-7,-4,37,15,-152,55,120,17,1,75,None
ERRE,PVT,47804,2023-09-23 13:44:05.900004,67.88780688220426,21.08110738428835,360.99971438155876,2246773.1609125156,866106.5629322792,5886728.477560649,14,-8,-22,15,-104,32,145,19,0,76,None
ERRE,PVT,47805,2023-09-23 13:44:06.100004,67.88780689494065,21.081107457722055,361.0427588838964,2246773.173692863,866106.5711664767,5886728.5179739185,31,-10,-17,15,-121,34,130,19,1,75,None
ERRE,PVT,47806,2023-09-23 13:44:06.300004,67.8878069571425,21.08110754309424,361.0799320889943,2246773.1794610964,866106.5772352995,5886728.5550246015,28,-1,9,15,-158,66,75,18,1,75,None
ERRE,PVT,47807,2023-09-23 13:44:06.500003,67.88780702059044,21.081107708849352,361.11760094739554,2246773.184068166,866106.5864770176,5886728.5925868,15,5,35,15,-209,80,150,17,1,74,None
ERRE,PVT,47808,2023-09-23 13:44:06.800004,67.88780704174276,21.081107990943273,361.167270919239,2246773.1952099074,866106.6034777741,5886728.6394915795,-15,7,-22,15,-192,110,61,19,0,76,None
ERRE,PVT,47809,2023-09-23 13:44:07.000004,67.88780707485608,21.081108106842166,361.2134093549517,2246773.2064702576,866106.6130386955,5886728.68362677,23,29,41,15,-156,85,129,20,1,74,None
ERRE,PVT,47810,2023-09-23 13:44:07.200004,67.88780709127144,21.081108237341184,361.24444720754997,2246773.213816179,866106.6217482487,5886728.713070963,15,12,17,15,-160,80,20,19,1,75,None
ERRE,PVT,47811,2023-09-23 13:44:07.400003,67.88780712988437,21.08110839609,361.2787298842169,2246773.2197344406,866106.6311798482,5886728.7464533085,-4,-8,54,15,-66,109,-102,18,0,76,None
ERRE,PVT,47812,2023-09-23 13:44:07.600004,67.88780717030566,21.081108563179974,361.3038792750097,2246773.2221443793,866106.63963472,5886728.771450063,-6,-16,-14,15,-86,85,243,17,0,75,None
ERRE,PVT,47813,2023-09-23 13:44:07.800005,67.88780719020936,21.081108772158814,361.34094042328644,2246773.230083174,866106.6521076137,5886728.806620992,46,3,-64,15,-126,106,556,19,0,74,None
ERRE,PVT,47814,2023-09-23 13:44:08.000004,67.88780720349784,21.081108921593337,361.3812362267928,2246773.2406960065,866106.6629293963,5886728.844510913,38,13,7,15,-173,89,551,18,1,73,None
ERRE,PVT,47815,2023-09-23 13:44:08.200004,67.88780724033333,21.08110902354303,361.41758074953185,2246773.248368427,866106.670478927,5886728.879728827,18,3,-16,15,-142,69,371,19,0,74,None
ERRE,PVT,47816,2023-09-23 13:44:08.400004,67.88780726193632,21.081109220871657,361.43639218758744,2246773.249909666,866106.6799608979,5886728.898063685,-2,5,-43,15,-138,84,203,19,2,76,None
ERRE,PVT,47817,2023-09-23 13:44:08.600004,67.88780740479733,21.0811093137326,361.47855073069593,2246773.2495384966,866106.6840003477,5886728.9431196,-3,11,16,15,-158,64,98,19,1,74,None
ERRE,PVT,47818,2023-09-23 13:44:08.800005,67.88780759450225,21.08110933220298,361.5175246395318,2246773.244656601,866106.6829503508,5886728.9871919155,7,-6,-16,15,-163,85,95,21,2,74,None
ERRE,PVT,47819,2023-09-23 13:44:09.000005,67.88780778357841,21.081109359398113,361.5628062526612,2246773.24191889,866106.6831198834,5886729.0370815955,-10,-6,-76,15,-160,110,91,18,0,74,None
ERRE,PVT,47820,2023-09-23 13:44:09.200004,67.88780798391754,21.08110934932686,361.6108094473342,2246773.239614428,866106.681777921,5886729.089965571,-7,2,1,15,-126,75,-130,18,0,77,None
ERRE,PVT,47821,2023-09-23 13:44:09.400005,67.88780826979097,21.08110919754457,361.6542082886931,2246773.229587693,866106.6710763273,5886729.142175112,-7,-28,-11,15,-106,57,-168,18,3,74,None
ERRE,PVT,47822,2023-09-23 13:44:09.600004,67.88780846697912,21.08110916829284,361.696080518065,2246773.2257236186,866106.6682692474,5886729.189246765,-13,-17,-7,15,-123,80,77,18,1,75,None
ERRE,PVT,47823,2023-09-23 13:44:09.800004,67.88780857244397,21.081109086388206,361.7261501563101,2246773.227354066,866106.6652087164,5886729.2215328105,0,-10,-18,15,-146,93,176,18,1,74,None
ERRE,PVT,47824,2023-09-23 13:44:10.000004,67.88780859379888,21.081109021281094,361.73484055713146,2246773.2293315167,866106.6630385256,5886729.23048063,13,-1,46,15,-113,129,129,18,0,75,None
ERRE,PVT,47825,2023-09-23 13:44:10.200005,67.88780862296589,21.08110890411536,361.73533430272096,2246773.2284637643,866106.6574267779,5886729.232162674,17,0,147,15,-109,81,115,20,2,74,None
ERRE,PVT,47826,2023-09-23 13:44:10.400005,67.88780863745399,21.081108778370965,361.72187131386096,2246773.2242390374,866106.650134563,5886729.220298207,8,-5,-14,15,-105,94,90,17,1,76,None
ERRE,PVT,47827,2023-09-23 13:44:10.600005,67.88780873120885,21.081108642843027,361.72980422235497,2246773.2200341104,866106.6424093222,5886729.231584051,0,-11,-12,15,-103,101,38,17,1,75,None
ERRE,PVT,47828,2023-09-23 13:44:10.800005,67.88780876769113,21.08110854673654,361.72603515800586,2246773.2166454555,866106.6367743193,5886729.22962396,17,19,-13,15,-148,103,8,19,3,75,None
ERRE,PVT,47829,2023-09-23 13:44:11.000005,67.88780875284898,21.081108398303826,361.7170933448286,2246773.2171796937,866106.6302947336,5886729.2207166655,-33,-5,1,15,-121,109,-22,19,1,75,None
ERRE,PVT,47830,2023-09-23 13:44:11.200005,67.88780865819629,21.081108252427676,361.6977255679673,2246773.22170876,866106.6254702605,5886729.198799306,-1,-17,-6,15,-124,135,13,17,2,76,None
ERRE,PVT,47831,2023-09-23 13:44:11.400005,67.8878086097345,21.081108166716113,361.6820476611168,2246773.2221705928,866106.6217877744,5886729.182239805,-13,11,35,15,-152,94,35,19,1,74,None
ERRE,PVT,47832,2023-09-23 13:44:11.600005,67.8878086147525,21.0811080876642,361.6760654549781,2246773.220780616,866106.617691392,5886729.176908285,-6,-9,-71,15,-151,94,129,19,3,74,None
ERRE,PVT,47833,2023-09-23 13:44:11.800005,67.88780869082883,21.08110805578591,361.69358027294817,2246773.220078889,866106.6159850601,5886729.196329021,-12,9,35,15,-148,108,126,16,1,74,None
ERRE,PVT,47834,2023-09-23 13:44:12.000004,67.88780869438732,21.08110811875574,361.70709395233246,2246773.2235302874,866106.6201517482,5886729.208998158,-3,-2,-32,15,-139,124,158,20,0,76,None
ERRE,PVT,47835,2023-09-23 13:44:12.200004,67.88780872769775,21.081108265119777,361.7585418560721,2246773.236175945,866106.6316188653,5886729.258060574,-9,25,18,15,-121,118,133,18,1,75,None
ERRE,PVT,47836,2023-09-23 13:44:12.400004,67.8878086729045,21.081108272016294,361.78225482813036,2246773.2496835506,866106.637136525,5886729.27772886,-8,21,18,15,-128,109,61,18,2,74,None
ERRE,PVT,47837,2023-09-23 13:44:12.600004,67.88780870585387,21.081108272600265,361.8224761286483,2246773.2606245894,866106.6413804789,5886729.316375246,7,6,23,15,-124,91,91,17,1,75,None
ERRE,PVT,47838,2023-09-23 13:44:12.800004,67.88780871358048,21.081108283771773,361.85270546108944,2246773.2703281124,866106.6456242551,5886729.344705578,4,-10,-8,15,-100,77,114,19,2,76,None
ERRE,PVT,47839,2023-09-23 13:44:13.000004,67.88780869974393,21.081108288672922,361.8632496802808,2246773.2752915793,866106.6477583692,5886729.353893311,-5,-14,-30,15,-119,87,163,18,0,73,None
ERRE,PVT,47840,2023-09-23 13:44:13.200004,67.88780857553029,21.08110819517434,361.8604355836166,2246773.2876932863,866106.6483278411,5886729.346070933,11,-16,-49,15,-119,93,144,18,1,76,None
ERRE,PVT,47841,2023-09-23 13:44:13.400004,67.8878085101781,21.081108377027263,361.8560381025373,2246773.2897010897,866106.6572926291,5886729.339253001,-4,-14,-31,15,-136,83,50,19,1,74,None
ERRE,PVT,47842,2023-09-23 13:44:13.700005,67.8878084481166,21.081108619604912,361.8386158460918,2246773.2858989923,866106.6667528545,5886729.320506449,-17,-24,-24,15,-142,112,58,21,1,76,None
ERRE,PVT,47843,2023-09-23 13:44:13.900005,67.88780847387741,21.08110874857495,361.8201203370287,2246773.274969412,866106.6683485344,5886729.30445291,-26,-10,-13,15,-127,100,19,18,1,74,None
ERRE,PVT,47844,2023-09-23 13:44:14.100005,67.8878085182403,21.081108715955736,361.80932148494395,2246773.2673921455,866106.6639583849,5886729.296310959,-44,-15,-44,15,-139,107,35,19,1,75,None
ERRE,PVT,47845,2023-09-23 13:44:14.300005,67.88780850502658,21.081108686023953,361.7936619844985,2246773.2636186196,866106.6611555802,5886729.281248444,-31,-8,-8,15,-116,92,147,19,2,74,None
ERRE,PVT,47846,2023-09-23 13:44:14.500005,67.88780844079025,21.08110855489096,361.7757010564037,2246773.2654861882,866106.655969172,5886729.261911526,-1,-4,-16,15,-120,105,124,19,1,75,None
ERRE,PVT,47847,2023-09-23 13:44:14.700005,67.88780843579305,21.081108478961013,361.7653807154927,2246773.263491012,866106.6517801075,5886729.252140447,-10,-38,-21,15,-130,99,-18,18,1,75,None
ERRE,PVT,47848,2023-09-23 13:44:14.900004,67.88780846030457,21.081108421702915,361.77391781984176,2246773.2649916103,866106.649779621,5886729.261078781,32,14,71,15,-134,93,61,20,1,75,None
ERRE,PVT,47849,2023-09-23 13:44:15.100004,67.88780856248005,21.081108323769598,361.7879331003792,2246773.2615427705,866106.6440391355,5886729.278353181,-4,-26,27,15,-148,91,101,16,1,74,None
ERRE,PVT,47850,2023-09-23 13:44:15.300005,67.88780860553375,21.081108372648416,361.78910087795634,2246773.257062798,866106.6445136961,5886729.281242729,32,14,-28,15,-123,103,44,18,2,75,None
ERRE,PVT,47851,2023-09-23 13:44:15.500005,67.88780864398066,21.081108346643447,361.7966938288714,2246773.256415692,866106.6430929591,5886729.289891449,38,10,21,15,-126,85,-26,19,3,76,None
ERRE,PVT,47852,2023-09-23 13:44:15.700005,67.8878086038815,21.081108410744058,361.7856553371965,2246773.2554360665,866106.6456024672,5886729.277981242,-31,-11,10,15,-97,106,-65,19,1,75,None
ERRE,PVT,47853,2023-09-23 13:44:15.900005,67.88780852109524,21.081108529394207,361.7730696642919,2246773.257204346,866106.6516282177,5886729.26284538,-19,8,-2,15,-80,75,53,19,0,74,None
ERRE,PVT,47854,2023-09-23 13:44:16.100005,67.88780851173253,21.081108587535542,361.76623070587016,2246773.254826178,866106.6533301923,5886729.256116333,9,-18,8,15,-99,119,169,19,1,73,None
ERRE,PVT,47855,2023-09-23 13:44:16.300005,67.88780850546391,21.08110872978927,361.7511551046921,2246773.2479852545,866106.657100313,5886729.241886367,-1,3,-21,15,-118,115,224,18,1,74,None
ERRE,PVT,47856,2023-09-23 13:44:16.500004,67.88780855895791,21.08110883243334,361.7278205459894,2246773.2330799727,866106.6559776602,5886729.222514111,-22,0,-35,15,-119,132,219,17,1,77,None
ERRE,PVT,47857,2023-09-23 13:44:16.700004,67.88780859108697,21.081108964559746,361.69932776843973,2246773.217977327,866106.6561068337,5886729.197465996,-5,15,-24,15,-111,126,191,20,1,75,None
ERRE,PVT,47858,2023-09-23 13:44:17.000005,67.88780874487149,21.081109065191633,361.6609791085486,2246773.188159027,866106.6491447443,5886729.168394767,-14,28,92,15,-148,183,82,19,2,76,None
ERRE,PVT,47859,2023-09-23 13:44:17.200005,67.88780882585587,21.081109239957417,361.63140321456444,2246773.167320754,866106.6489834075,5886729.144394452,-6,31,-34,15,-164,214,21,18,1,75,None
ERRE,PVT,47860,2023-09-23 13:44:17.400005,67.88780895330126,21.081109281984318,361.60494105617954,2246773.1451028567,866106.6423115749,5886729.125229575,-2,16,-16,15,-156,102,-45,19,1,76,None
ERRE,PVT,47861,2023-09-23 13:44:17.600005,67.88780901019427,21.081109494636955,361.56598973795906,2246773.1227218565,866106.6432619876,5886729.091531904,-35,21,17,15,-171,154,-72,21,1,75,None
ERRE,PVT,47862,2023-09-23 13:44:17.800005,67.88780896696207,21.08110970284745,361.5213298487046,2246773.1080571115,866106.646986855,5886729.048341658,-27,1,-48,15,-182,173,-40,19,0,74,None
ERRE,PVT,47863,2023-09-23 13:44:18.000005,67.88780887607034,21.08110986107592,361.49152230691135,2246773.10395983,866106.6525341345,5886729.0169103015,-14,12,-19,15,-177,113,13,20,0,77,None
ERRE,PVT,47864,2023-09-23 13:44:18.200005,67.88780877548507,21.08110989103661,361.4617392082287,2246773.102744741,866106.6534151846,5886728.985094598,-3,-2,4,15,-194,56,123,19,2,75,None
ERRE,PVT,47865,2023-09-23 13:44:18.400005,67.88780858572133,21.081109923196305,361.4271508633197,2246773.1084072967,866106.6570465367,5886728.945082812,30,2,12,15,-179,94,158,19,2,77,None
ERRE,PVT,47866,2023-09-23 13:44:18.600005,67.88780844635048,21.08110979535127,361.40164514562576,2246773.1148197223,866106.6537602142,5886728.915601421,37,12,-6,15,-179,67,235,19,0,75,None
ERRE,PVT,47867,2023-09-23 13:44:18.800005,67.88780835748815,21.081109626109697,361.3950628077722,2246773.1236342867,866106.6495353571,5886728.90577223,29,-14,17,15,-187,52,258,19,1,76,None
ERRE,PVT,47868,2023-09-23 13:44:19.000005,67.88780829663186,21.08110951246675,361.40834608389747,2246773.1358854133,866106.649139464,5886728.915523375,44,2,77,15,-153,41,225,19,1,74,None
ERRE,PVT,47869,2023-09-23 13:44:19.200005,67.8878081948914,21.081109305285942,361.40952625399757,2246773.149241613,866106.6449565443,5886728.912345044,27,-21,8,15,-125,12,155,18,1,75,None
ERRE,PVT,47870,2023-09-23 13:44:19.400005,67.88780817747275,21.081109142534377,361.4304948199992,2246773.1607461027,866106.6420609391,5886728.931039997,18,-28,30,15,-112,47,73,21,2,74,None
ERRE,PVT,47871,2023-09-23 13:44:19.600005,67.8878081970021,21.081108951628202,361.4583784021348,2246773.171542394,866106.6376242248,5886728.957692667,8,-47,-41,15,-104,46,-7,18,1,76,None
ERRE,PVT,47872,2023-09-23 13:44:19.800005,67.88780825055565,21.08110884423159,361.4896292499253,2246773.178978372,866106.6356534838,5886728.988893481,-8,-31,21,15,-84,66,-11,19,3,75,None
ERRE,PVT,47873,2023-09-23 13:44:20.000005,67.8878083666057,21.081108667164155,361.5244913770071,2246773.182709969,866106.6291167147,5886729.026063952,-24,-26,50,15,-61,71,-13,20,1,75,None
ERRE,PVT,47874,2023-09-23 13:44:20.200005,67.88780845788007,21.081108570188185,361.5629719626882,2246773.1888906546,866106.6271314262,5886729.065546501,-1,-13,4,15,-60,79,40,18,1,74,None
ERRE,PVT,47875,2023-09-23 13:44:20.400005,67.88780850502789,21.08110844747465,361.59158323648074,2246773.1962487185,866106.624440764,5886729.094032934,9,3,26,15,-78,90,88,19,1,76,None
ERRE,PVT,47876,2023-09-23 13:44:20.600005,67.88780862215475,21.08110826118298,361.6254413526116,2246773.199663288,866106.6173663167,5886729.130318452,5,-8,28,15,-115,129,182,18,2,77,None
ERRE,PVT,47877,2023-09-23 13:44:20.800005,67.88780872874054,21.081108039118924,361.6552119308203,2246773.203199322,866106.6087274763,5886729.162374496,-10,3,3,15,-103,114,224,18,0,73,None
ERRE,PVT,47878,2023-09-23 13:44:21.000005,67.88780883716673,21.081107861940808,361.68525168765336,2246773.2059739307,866106.6018168132,5886729.194757192,-11,-11,46,15,-141,168,233,18,0,74,None
ERRE,PVT,47879,2023-09-23 13:44:21.200005,67.88780889708161,21.081107657349833,361.68527156113305,2246773.2032965724,866106.5915697791,5886729.197291205,4,18,15,15,-144,162,195,18,0,75,None
ERRE,PVT,47880,2023-09-23 13:44:21.400005,67.88780893134573,21.081107459005086,361.661114286322,2246773.1945063537,866106.5792476393,5886729.176349353,-13,22,-7,15,-147,133,139,18,1,74,None
ERRE,PVT,47881,2023-09-23 13:44:21.600005,67.88780906151173,21.081107218176918,361.6387982272057,2246773.1777581163,866106.5619442825,5886729.1611398505,-30,-17,-64,15,-151,156,64,17,0,73,None
ERRE,PVT,47882,2023-09-23 13:44:21.800005,67.88780917308803,21.081107189793112,361.61200191907466,2246773.158017319,866106.5530559913,5886729.140999118,-28,21,-17,15,-151,155,-15,19,1,74,None
ERRE,PVT,47883,2023-09-23 13:44:22.000005,67.8878093072161,21.081107078689737,361.57475158669774,2246773.133680745,866106.5386703224,5886729.112120132,-28,17,-49,15,-192,132,-33,19,1,74,None
ERRE,PVT,47884,2023-09-23 13:44:22.200005,67.88780943807016,21.081106965463654,361.5476140850633,2246773.1132438504,866106.525692329,5886729.092472702,-26,28,18,15,-173,135,-20,21,0,75,None
ERRE,PVT,47885,2023-09-23 13:44:22.400005,67.88780953421427,21.081106867056146,361.5201098276347,2246773.0958008864,866106.5145359039,5886729.07102815,-2,4,23,15,-186,76,-3,20,0,75,None
ERRE,PVT,47886,2023-09-23 13:44:22.600005,67.8878095925427,21.0811067491673,361.49929568211286,2246773.084648373,866106.5049269238,5886729.054193906,-8,-15,-37,15,-198,90,78,19,0,74,None
ERRE,PVT,47887,2023-09-23 13:44:22.800005,67.8878095452158,21.0811066938377,361.4718837541885,2246773.0804201937,866106.5008049175,5886729.026811086,24,9,-25,15,-178,61,117,22,0,74,None
ERRE,PVT,47888,2023-09-23 13:44:23.000005,67.8878096076975,21.081106501603816,361.4684349178864,2246773.0760902376,866106.4904773991,5886729.026239286,39,17,41,15,-155,74,188,18,1,74,None
ERRE,PVT,47889,2023-09-23 13:44:23.200005,67.88780973162878,21.081106290020646,361.47303961256415,2246773.068956406,866106.4781975098,5886729.035708707,3,0,5,15,-138,39,216,21,2,73,None
ERRE,PVT,47890,2023-09-23 13:44:23.400005,67.88780985122693,21.081106037715614,361.4761986802472,2246773.062348201,866106.464286099,5886729.043656895,51,-11,-1,15,-128,51,197,19,2,76,None
ERRE,PVT,47891,2023-09-23 13:44:23.600005,67.88781000298182,21.081105811618336,361.48208070392633,2246773.05319964,866106.4505758269,5886729.055477903,0,-9,9,15,-97,57,160,19,1,74,None
ERRE,PVT,47892,2023-09-23 13:44:23.800005,67.8878101188554,21.081105474943538,361.49036259357985,2246773.050025208,866106.4341880166,5886729.068015741,12,2,-6,15,-137,42,116,20,1,75,None
ERRE,PVT,47893,2023-09-23 13:44:24.000005,67.8878103004015,21.081105173462472,361.50244864861855,2246773.0413227286,866106.4172543584,5886729.086835285,-2,9,26,15,-85,69,61,18,1,73,None
ERRE,PVT,47894,2023-09-23 13:44:24.200005,67.8878104654644,21.08110496107099,361.5184604579251,2246773.034241688,866106.4049584132,5886729.10859977,-16,-7,-22,15,-97,63,-3,19,2,75,None
ERRE,PVT,47895,2023-09-23 13:44:24.400005,67.88781062301798,21.081104741967373,361.5353119149179,2246773.0282810694,866106.3927920583,5886729.130826859,-35,-27,2,15,-86,81,-12,19,0,75,None
ERRE,PVT,47896,2023-09-23 13:44:24.600005,67.88781076568962,21.081104554802554,361.54716153813763,2246773.0215157904,866106.3817540649,5886729.147795168,-19,-6,-24,15,-70,114,8,19,1,74,None
ERRE,PVT,47897,2023-09-23 13:44:24.800005,67.88781091002546,21.081104400972286,361.5551779154802,2246773.0127398046,866106.3714423807,5886729.161282046,-31,-15,-6,15,-93,113,58,17,0,74,None
ERRE,PVT,47898,2023-09-23 13:44:25.000005,67.88781102546267,21.081104214825906,361.56280055685465,2246773.0071004517,866106.360884291,5886729.173190804,-13,-14,-32,15,-128,126,143,19,1,75,None
ERRE,PVT,47899,2023-09-23 13:44:25.200005,67.88781118230966,21.081104061724425,361.5686424051872,2246772.996343362,866106.3498417382,5886729.1851883875,-5,-2,8,15,-139,130,196,21,2,76,None
ERRE,PVT,47900,2023-09-23 13:44:25.400005,67.88781134251323,21.081103941291158,361.58123801194137,2246772.987140915,866106.3408698855,5886729.203583913,-16,31,2,15,-150,143,207,19,1,77,None
ERRE,PVT,47901,2023-09-23 13:44:25.600005,67.88781151592457,21.0811037365509,361.5958492533439,2246772.9786473354,866106.32837404,5886729.224401365,-2,12,-18,15,-137,137,191,20,1,73,None
ERRE,PVT,47902,2023-09-23 13:44:25.800005,67.88781177012245,21.081103446834017,361.6185818649046,2246772.9665012774,866106.3106427892,5886729.256134769,1,10,-56,15,-157,165,181,17,0,77,None
ERRE,PVT,47903,2023-09-23 13:44:26.000005,67.887811996804,21.08110315658467,361.6377886527712,2246772.955778038,866106.293436037,5886729.2834463725,-27,7,0,15,-181,147,133,20,1,74,None
ERRE,PVT,47904,2023-09-23 13:44:26.200005,67.88781209611696,21.08110294747286,361.6495559397563,2246772.953496261,866106.283137875,5886729.298517934,-13,31,2,15,-146,129,38,18,0,74,None
ERRE,PVT,47905,2023-09-23 13:44:26.400005,67.8878121605889,21.081102723333817,361.65028754042197,2246772.950924984,866106.2720512756,5886729.301902657,-10,5,-16,15,-165,130,-10,20,2,76,None
ERRE,PVT,47906,2023-09-23 13:44:26.600005,67.88781227541766,21.081102566883626,361.65686423850065,2246772.944528032,866106.26253868,5886729.312816855,-13,3,-12,15,-178,135,-14,17,1,75,None
ERRE,PVT,47907,2023-09-23 13:44:26.800006,67.88781229851729,21.081102421891064,361.6694425988909,2246772.948910396,866106.2576974533,5886729.325439926,-14,20,18,15,-187,84,25,21,0,75,None
ERRE,PVT,47908,2023-09-23 13:44:27.000006,67.88781222883762,21.08110221013113,361.64870001078987,2246772.951544606,866106.2491750767,5886729.3032974,5,-12,-92,15,-166,58,86,18,1,79,None
ERRE,PVT,47909,2023-09-23 13:44:27.200006,67.88781211833349,21.081102051492074,361.6342284688123,2246772.9595147013,866106.2451022317,5886729.285250608,32,16,-40,15,-160,57,125,19,1,75,None
ERRE,PVT,47910,2023-09-23 13:44:27.400006,67.88781198780273,21.08110192289307,361.60411289451,2246772.963467047,866106.2408336162,5886729.251869584,-2,-11,-31,15,-164,70,165,20,1,74,None
ERRE,PVT,47911,2023-09-23 13:44:27.600006,67.88781178573977,21.08110184540763,361.5804400031085,2246772.97580676,866106.2421004341,5886729.221454007,24,-7,-12,15,-132,30,206,18,2,77,None
ERRE,PVT,47912,2023-09-23 13:44:27.900006,67.8878114564434,21.08110184737438,361.53175095980026,2246772.9904269623,866106.247824945,5886729.162520202,31,-12,-23,15,-76,41,206,19,1,75,None
ERRE,PVT,47913,2023-09-23 13:44:28.100006,67.88781135132032,21.08110187554107,361.50679199461683,2246772.9913708987,866106.249457472,5886729.1349832835,15,-12,30,15,-105,43,142,18,1,74,None
ERRE,PVT,47914,2023-09-23 13:44:28.300006,67.88781128302807,21.081101968515238,361.5015380615899,2246772.9947049036,866106.2549303246,5886729.127248451,28,2,19,15,-102,56,100,19,1,74,None
ERRE,PVT,47915,2023-09-23 13:44:28.500006,67.88781111794184,21.081102223256778,361.4595313593632,2246772.9920178736,866106.2653682654,5886729.0814000545,31,9,-22,15,-86,53,39,17,3,76,None
ERRE,PVT,47916,2023-09-23 13:44:28.700006,67.88781103947308,21.081102521974323,361.42344907266886,2246772.982395208,866106.2751133093,5886729.044677065,-34,-22,-67,15,-68,32,26,19,0,75,None
ERRE,PVT,47917,2023-09-23 13:44:28.900006,67.88781093961228,21.08110288714737,361.39426275263537,2246772.9762526634,866106.2891931102,5886729.013444661,-7,0,-16,15,-67,65,16,18,1,74,None
ERRE,PVT,47918,2023-09-23 13:44:29.100006,67.88781081356433,21.081103200373963,361.3664763389962,2246772.973912027,866106.3023987951,5886728.982409702,-34,5,-53,15,-116,137,51,18,1,74,None
ERRE,PVT,47919,2023-09-23 13:44:29.300006,67.88781070103046,21.08110362089737,361.3331235092002,2246772.9666913296,866106.318556004,5886728.946785148,-40,-9,-86,15,-97,120,92,18,0,74,None
ERRE,PVT,47920,2023-09-23 13:44:29.500006,67.88781047245219,21.081103946655833,361.30799979473073,2246772.9749824903,866106.3364245757,5886728.913912181,18,5,-13,15,-109,107,146,18,0,74,None
ERRE,PVT,47921,2023-09-23 13:44:29.700006,67.88781029880428,21.08110422558455,361.295067227786,2246772.982967013,866106.3520656928,5886728.894640003,-17,2,-7,15,-137,152,155,20,2,75,None
ERRE,PVT,47922,2023-09-23 13:44:29.900006,67.88781014401525,21.08110447023466,361.28200070509524,2246772.9896042747,866106.3656435201,5886728.876035537,-2,18,58,15,-153,126,183,19,1,73,None
ERRE,PVT,47923,2023-09-23 13:44:30.100006,67.88780996729483,21.081104878071386,361.2520114503542,2246772.9899456343,866106.3841444012,5886728.840832209,-9,29,-46,15,-177,117,167,21,1,76,None
ERRE,PVT,47924,2023-09-23 13:44:30.300006,67.88780985760317,21.081105189532078,361.23150849984194,2246772.988612767,866106.3976590328,5886728.817231743,6,30,93,15,-176,136,109,19,1,76,None
ERRE,PVT,47925,2023-09-23 13:44:30.500006,67.8878097375392,21.081105449875828,361.2063672506716,2246772.9874236067,866106.4089267143,5886728.788898635,-10,7,-39,15,-177,131,79,17,3,74,None
ERRE,PVT,47926,2023-09-23 13:44:30.700006,67.88780959236668,21.081105739121455,361.18509528181846,2246772.9895775304,866106.4227848818,5886728.763096006,1,27,-9,15,-196,123,50,19,2,76,None
ERRE,PVT,47927,2023-09-23 13:44:30.900006,67.88780940853289,21.081106002414018,361.1548922922889,2246772.992714682,866106.4358531262,5886728.727396001,2,9,-58,15,-178,103,22,20,3,75,None
ERRE,PVT,47928,2023-09-23 13:44:31.100006,67.88780929359828,21.081106370553158,361.14304787872237,2246772.9940716904,866106.4529575185,5886728.711597092,-4,21,-41,15,-165,66,10,19,1,76,None
ERRE,PVT,47929,2023-09-23 13:44:31.300006,67.88780911673142,21.08110666158306,361.127784005018,2246773.001364837,866106.4688771656,5886728.690029927,-16,-11,-38,15,-162,85,29,18,1,75,None
ERRE,PVT,47930,2023-09-23 13:44:31.600006,67.88780890850671,21.08110699303679,361.11304006465525,2246773.0112530733,866106.4876179133,5886728.667627855,11,-2,6,15,-115,62,83,18,2,76,None
ERRE,PVT,47931,2023-09-23 13:44:31.800006,67.88780876638886,21.08110707871209,361.10639172358486,2246773.021325949,866106.4953597807,5886728.655501517,-2,14,-63,15,-110,51,139,18,2,75,None
ERRE,PVT,47932,2023-09-23 13:44:32.000006,67.88780866981149,21.081107026770308,361.11562810369287,2246773.034667233,866106.4981632009,5886728.66000363,36,-4,21,15,-121,63,157,18,2,76,None
ERRE,PVT,47933,2023-09-23 13:44:32.200006,67.88780858936012,21.081107034602805,361.11878205905,2246773.043413747,866106.5018876686,5886728.659547758,-2,-29,-29,15,-110,65,183,18,1,76,None
ERRE,PVT,47934,2023-09-23 13:44:32.400006,67.88780848750551,21.0811071005139,361.1161857544102,2246773.0513263787,866106.5079065901,5886728.652865923,-10,-28,44,15,-105,54,167,19,3,76,None
ERRE,PVT,47935,2023-09-23 13:44:32.700006,67.88780831984883,21.08110716577478,361.122467012487,2246773.068711554,866106.5175477877,5886728.651645916,39,-15,3,15,-102,58,115,20,3,75,None
ERRE,PVT,47936,2023-09-23 13:44:32.900006,67.88780823459508,21.081107115491683,361.11452409415307,2246773.074902078,866106.5176693765,5886728.6407077275,7,0,21,15,-93,86,73,20,1,74,None
ERRE,PVT,47937,2023-09-23 13:44:33.100006,67.88780812780281,21.081107143168367,361.10775064630934,2246773.082401637,866106.5218069543,5886728.629948672,-19,-7,-11,15,-106,105,27,18,2,75,None
ERRE,PVT,47938,2023-09-23 13:44:33.300006,67.88780802821675,21.081107329284073,361.11062235277126,2246773.0901989895,866106.533195549,5886728.628427918,-8,11,27,15,-109,101,12,18,2,73,None
ERRE,PVT,47939,2023-09-23 13:44:33.500006,67.8878079913038,21.08110754146959,361.1372008472566,2246773.09988579,866106.5464867103,5886728.65150169,-32,-1,-68,15,-128,112,49,18,2,77,None
ERRE,PVT,47940,2023-09-23 13:44:33.700006,67.88780798760779,21.08110780773987,361.16605416501,2246773.1063512135,866106.5609720871,5886728.678077622,-24,6,-61,15,-127,132,75,20,2,74,None
ERRE,PVT,47941,2023-09-23 13:44:33.900006,67.88780800230464,21.08110819832937,361.21058527007625,2246773.1146704117,866106.5817715112,5886728.719950466,-3,19,19,15,-138,112,118,18,1,76,None
ERRE,PVT,47942,2023-09-23 13:44:34.100007,67.88780799730476,21.08110836534148,361.2421595123472,2246773.1237176484,866106.5927814814,5886728.748992451,5,17,-30,15,-160,142,172,19,1,76,None
ERRE,PVT,47943,2023-09-23 13:44:34.300007,67.88780800216117,21.08110846719836,361.2724784215182,2246773.13235854,866106.6007001665,5886728.777285263,4,20,15,15,-200,154,170,20,1,75,None
ERRE,PVT,47944,2023-09-23 13:44:34.500007,67.8878079923513,21.081108584439132,361.3057822920969,2246773.1432294147,866106.6101713891,5886728.807727706,26,20,55,15,-171,141,155,18,0,75,None
ERRE,PVT,47945,2023-09-23 13:44:34.700007,67.88780794588959,21.08110871807588,361.3297894596933,2246773.154121162,866106.6203891453,5886728.82801836,1,19,23,15,-173,127,142,18,1,74,None
ERRE,PVT,47946,2023-09-23 13:44:34.900007,67.8878078474432,21.081108914928816,361.3400119770177,2246773.1642281343,866106.6331516873,5886728.833355604,-17,14,-67,15,-210,108,89,18,2,75,None
ERRE,PVT,47947,2023-09-23 13:44:35.200007,67.88780764801432,21.08110921561866,361.34425474742824,2246773.1804019823,866106.6529298419,5886728.828913046,-5,9,7,15,-164,103,36,19,1,75,None
ERRE,PVT,47948,2023-09-23 13:44:35.400007,67.88780754886764,21.081109269302278,361.3519451189038,2246773.1918513207,866106.6597613906,5886728.831874985,11,10,12,15,-138,61,3,19,2,75,None
ERRE,PVT,47949,2023-09-23 13:44:35.600007,67.88780743621484,21.081109190756607,361.35749193387124,2246773.2058488806,866106.6616195377,5886728.832283958,0,-13,-4,15,-145,73,19,18,1,76,None
ERRE,PVT,47950,2023-09-23 13:44:35.800007,67.88780729184462,21.0811091248456,361.35823901837733,2246773.2210278544,866106.6645021827,5886728.826914532,4,-18,-59,15,-124,51,60,21,2,74,None
ERRE,PVT,47951,2023-09-23 13:44:36.000008,67.88780711080018,21.081109049352047,361.34284806950467,2246773.234219693,866106.6661872029,5886728.805054235,11,-2,-2,15,-84,39,120,20,2,76,None
ERRE,PVT,47952,2023-09-23 13:44:36.200008,67.88780692693416,21.081108740269418,361.3132548903352,2246773.2462263913,866106.6568943245,5886728.769917837,3,-13,-56,15,-100,47,145,18,2,75,None
ERRE,PVT,47953,2023-09-23 13:44:36.400008,67.8878067992128,21.081108377696353,361.30765422332865,2246773.2620550296,866106.6466655103,5886728.759366569,16,-1,-25,15,-85,72,199,18,1,76,None
ERRE,PVT,47954,2023-09-23 13:44:36.600008,67.88780669915228,21.08110799729794,361.31484110793605,2246773.2799774054,866106.6364409409,5886728.761823685,-6,-22,-33,15,-71,68,221,19,2,75,None
ERRE,PVT,47955,2023-09-23 13:44:36.800008,67.88780654829365,21.081107644468663,361.325753579726,2246773.3036895427,866106.6296899973,5886728.765599543,7,-19,-59,15,-71,76,283,18,0,75,None
ERRE,PVT,47956,2023-09-23 13:44:37.000008,67.8878064455467,21.081107434355854,361.33954009137295,2246773.3216148126,866106.6271363435,5886728.774058079,15,0,15,15,-100,93,205,17,1,75,None
ERRE,PVT,47957,2023-09-23 13:44:37.200008,67.887806355146,21.081107223002984,361.3593638714231,2246773.340488861,866106.6248925802,5886728.7886282075,1,-8,25,15,-129,73,133,18,1,77,None
ERRE,PVT,47958,2023-09-23 13:44:37.400008,67.8878063246456,21.081107349262712,361.38504078859387,2246773.3505395898,866106.6344538662,5886728.811135952,10,12,19,15,-146,126,-53,18,3,74,None
ERRE,PVT,47959,2023-09-23 13:44:37.600008,67.8878063315286,21.081107508672392,361.42178778069865,2246773.3603728106,866106.645424406,5886728.84546914,-20,-2,26,15,-187,149,-174,17,2,75,None
ERRE,PVT,47960,2023-09-23 13:44:37.800008,67.88780640566421,21.081107735738545,361.4503752255939,2246773.35983292,866106.6554435265,5886728.875066613,-16,45,-9,15,-233,182,-166,18,1,76,None
ERRE,PVT,47961,2023-09-23 13:44:38.000008,67.88780651242797,21.08110789697631,361.48992359144523,2246773.3609918826,866106.6631525727,5886728.916188747,9,40,43,15,-236,154,-21,18,2,76,None
ERRE,PVT,47962,2023-09-23 13:44:38.200008,67.88780654183948,21.08110796517431,361.5220383159168,2246773.3684047046,866106.6690818276,5886728.947176264,-7,10,-15,15,-230,169,149,19,3,75,None
ERRE,PVT,47963,2023-09-23 13:44:38.400008,67.88780655285973,21.08110814287837,361.5648430061047,2246773.3796901023,866106.6814361596,5886728.987295306,18,48,24,15,-255,162,375,20,3,74,None
ERRE,PVT,47964,2023-09-23 13:44:38.600008,67.88780668645703,21.081108242876315,361.61616472906275,2246773.3833226264,866106.6873404463,5886729.040451488,-3,24,-5,15,-210,136,420,19,3,77,None
ERRE,PVT,47965,2023-09-23 13:44:38.800008,67.88780675621832,21.081108333894143,361.6343695452055,2246773.3816143963,866106.6907814583,5886729.060246328,16,23,-9,15,-143,134,337,18,2,77,None
ERRE,PVT,47966,2023-09-23 13:44:39.000009,67.8878066941811,21.081108717828144,361.6119498655473,2246773.3739179214,866106.7051072479,5886729.03687094,16,-4,-17,15,-97,115,209,19,1,73,None
ERRE,PVT,47967,2023-09-23 13:44:39.200009,67.88780662686342,21.08110901323858,361.5768288746619,2246773.363607686,866106.7144382886,5886729.001506734,-23,9,-25,15,-72,90,-64,18,2,75,None
ERRE,PVT,47968,2023-09-23 13:44:39.400009,67.88780665625077,21.08110935503747,361.5439685272346,2246773.3440658855,866106.722300034,5886728.972297177,-44,-17,-2,15,-51,52,-339,18,3,75,None
ERRE,PVT,47969,2023-09-23 13:44:39.600009,67.88780674889534,21.081109708153942,361.5234954515137,2246773.3226044746,866106.7299315437,5886728.957219721,-23,-14,-7,15,-34,57,-116,18,2,75,None
ERRE,PVT,47970,2023-09-23 13:44:39.800009,67.8878067723111,21.08111001420278,361.48742069204167,2246773.303049878,866106.7361781449,5886728.924781452,-19,-20,45,15,-36,62,189,18,1,75,None
ERRE,PVT,47971,2023-09-23 13:44:40.000009,67.88780670337366,21.081110236016823,361.44934548704515,2246773.292970732,866106.7422834266,5886728.88661231,-6,-28,-61,15,-67,58,243,19,2,74,None
ERRE,PVT,47972,2023-09-23 13:44:40.200009,67.88780668306063,21.08111032882622,361.41428628866424,2246773.281212593,866106.7419310015,5886728.8532789,1,-24,-4,15,-77,76,85,18,2,75,None
